--%%%%%		CLIENTE
INSERT INTO		cliente(cf, data_di_nascita, nome, cognome, secondo_nome, citta_residenza)		VALUES('MRTCLD94L12F839L',to_date('12/07/1994','dd/mm/yyyy'),'Claudio','Martini',NULL,'Napoli');
INSERT INTO		cliente(cf, data_di_nascita, nome, cognome, secondo_nome, citta_residenza)		VALUES('LMRGNM92E20A783Z',to_date('20/05/1992','dd/mm/yyyy'),'Geronimo','Almera','Cori','Benevento');
INSERT INTO		cliente(cf, data_di_nascita, nome, cognome, secondo_nome, citta_residenza)		VALUES('VREDMN90B10A783V',to_date('10/02/1990','dd/mm/yyyy'),'Damiano','Vera',NULL,'Benevento');
INSERT INTO		cliente(cf, data_di_nascita, nome, cognome, secondo_nome, citta_residenza)		VALUES('DFRSTR99B52A509N',to_date('12/02/1999','dd/mm/yyyy'),'Astra','De Fiori',NULL,'Avellino');
INSERT INTO		cliente(cf, data_di_nascita, nome, cognome, secondo_nome, citta_residenza)		VALUES('DMAGCM94E30A783J',to_date('30/05/1994','dd/mm/yyyy'),'Giacomo','Daimio',NULL,'Benevento');
INSERT INTO		cliente(cf, data_di_nascita, nome, cognome, secondo_nome, citta_residenza)		VALUES('VLNFTN94T55A783G',to_date('15/12/1994','dd/mm/yyyy'),'Fortuna','Violenti',NULL,'Napoli');
INSERT INTO		cliente(cf, data_di_nascita, nome, cognome, secondo_nome, citta_residenza)		VALUES('PRTVCN89S13F839N',to_date('13/11/1989','dd/mm/yyyy'),'Vincenzo','Portastretta','Salmo','Napoli');
INSERT INTO		cliente(cf, data_di_nascita, nome, cognome, secondo_nome, citta_residenza)		VALUES('CRTRND86R18F839V',to_date('18/10/1986','dd/mm/yyyy'),'Rolando','Creati',NULL,'Napoli');
INSERT INTO		cliente(cf, data_di_nascita, nome, cognome, secondo_nome, citta_residenza)		VALUES('SRNNTT90P56F839F',to_date('16/09/1990','dd/mm/yyyy'),'Serena','Notte',NULL,'Napoli');
INSERT INTO		cliente(cf, data_di_nascita, nome, cognome, secondo_nome, citta_residenza)		VALUES('TSCCTT97M20F924C',to_date('20/08/1997','dd/mm/yyyy'),'Toscano','Creatti','Calmi','Nola');
INSERT INTO		cliente(cf, data_di_nascita, nome, cognome, secondo_nome, citta_residenza)		VALUES('VNCSTT89L29L083F',to_date('29/07/1989','dd/mm/yyyy'),'Vincenzo','Astati',NULL,'Teano');
INSERT INTO		cliente(cf, data_di_nascita, nome, cognome, secondo_nome, citta_residenza)		VALUES('ZZRLRA95H23B905G',to_date('23/06/1995','dd/mm/yyyy'),'Lauro','Azzurri',NULL,'Casalnuovo');
INSERT INTO		cliente(cf, data_di_nascita, nome, cognome, secondo_nome, citta_residenza)		VALUES('FRRCLI99S09F839H',to_date('09/11/1999','dd/mm/yyyy'),'Cielo','Uferri',NULL,'Napoli');
INSERT INTO		cliente(cf, data_di_nascita, nome, cognome, secondo_nome, citta_residenza)		VALUES('RRNRSO97T45A783X',to_date('05/12/1997','dd/mm/yyyy'),'Rosa','Errante','Anima','Benevento');
INSERT INTO		cliente(cf, data_di_nascita, nome, cognome, secondo_nome, citta_residenza)		VALUES('PSSTRN98R66A509J',to_date('26/10/1998','dd/mm/yyyy'),'Eterna','Passi',NULL,'Avellino');
INSERT INTO		cliente(cf, data_di_nascita, nome, cognome, secondo_nome, citta_residenza)		VALUES('SNTDGI98D03A783K',to_date('03/04/1998','dd/mm/yyyy'),'Diego','Santi',NULL,'Benevento');
INSERT INTO		cliente(cf, data_di_nascita, nome, cognome, secondo_nome, citta_residenza)		VALUES('LZNNDR87L15B905J',to_date('15/07/1987','dd/mm/yyyy'),'Andrea','Alzanti',NULL,'Casalnuovo');
INSERT INTO		cliente(cf, data_di_nascita, nome, cognome, secondo_nome, citta_residenza)		VALUES('MTTVRE86L62F839Q',to_date('22/07/1996','dd/mm/yyyy'),'Vera','Mattini',NULL,'Napoli');
INSERT INTO		cliente(cf, data_di_nascita, nome, cognome, secondo_nome, citta_residenza)		VALUES('PRTCSC96D14F839M',to_date('14/04/1996','dd/mm/yyyy'),'Crescenzo','Portabella',NULL,'Napoli');
INSERT INTO		cliente(cf, data_di_nascita, nome, cognome, secondo_nome, citta_residenza)		VALUES('HLDLLO94S57B905C',to_date('17/11/1994','dd/mm/yyyy'),'Lola','Holder',NULL,'Casalnuovo');
INSERT INTO		cliente(cf, data_di_nascita, nome, cognome, secondo_nome, citta_residenza)		VALUES('QTTMIA99S70F839M',to_date('30/11/1999','dd/mm/yyyy'),'Mia','Quotti',NULL,'Napoli');
INSERT INTO		cliente(cf, data_di_nascita, nome, cognome, secondo_nome, citta_residenza)		VALUES('LNEFNC98B18F839U',to_date('18/02/1998','dd/mm/yyyy'),'Francesco','Leone','Carino','Napoli');
INSERT INTO		cliente(cf, data_di_nascita, nome, cognome, secondo_nome, citta_residenza)		VALUES('PSCNTN99E14F352H',to_date('14/05/1999','dd/mm/yyyy'),'Antonio','Pesci',NULL,'Mondragone');
INSERT INTO		cliente(cf, data_di_nascita, nome, cognome, secondo_nome, citta_residenza)		VALUES('TCUPGR92C13F839H',to_date('13/03/1992','dd/mm/yyyy'),'Peregrino','Tuc',NULL,'Napoli');
INSERT INTO		cliente(cf, data_di_nascita, nome, cognome, secondo_nome, citta_residenza)		VALUES('MSCRND93B12A783N',to_date('12/02/1993','dd/mm/yyyy'),'Orlando','Musicanti',NULL,'Benevento');
INSERT INTO		cliente(cf, data_di_nascita, nome, cognome, secondo_nome, citta_residenza)		VALUES('LCNCHR93A52A509B',to_date('12/01/1993','dd/mm/yyyy'),'Chiara','Lucente',NULL,'Avellino');
INSERT INTO		cliente(cf, data_di_nascita, nome, cognome, secondo_nome, citta_residenza)		VALUES('SSLDNL92P51B905E',to_date('11/09/1992','dd/mm/yyyy'),'Danila','Assolti',NULL,'Casalnuovo');
INSERT INTO		cliente(cf, data_di_nascita, nome, cognome, secondo_nome, citta_residenza)		VALUES('MRTRAU96P57F839F',to_date('17/09/1996','dd/mm/yyyy'),'Aura','Martini',NULL,'Napoli');
INSERT INTO		cliente(cf, data_di_nascita, nome, cognome, secondo_nome, citta_residenza)		VALUES('BLSBNC92S17F839R',to_date('17/11/1992','dd/mm/yyyy'),'Bianco','Balossi','Esse','Benevento');
INSERT INTO		cliente(cf, data_di_nascita, nome, cognome, secondo_nome, citta_residenza)		VALUES('VNNZRE91T58F839G',to_date('18/12/1991','dd/mm/yyyy'),'Ezra','Venni',NULL,'Napoli');
INSERT INTO		cliente(cf, data_di_nascita, nome, cognome, secondo_nome, citta_residenza)		VALUES('CLMVLA91C22B905Y',to_date('22/03/1991','dd/mm/yyyy'),'Valio','Calmi',NULL,'Casalnuovo');
INSERT INTO		cliente(cf, data_di_nascita, nome, cognome, secondo_nome, citta_residenza)		VALUES('FNLCLD98B24F839X',to_date('24/02/1998','dd/mm/yyyy'),'Claudio','Finale',NULL,'Napoli');


--%%%%%		CLIENTE REGISTRATO
INSERT INTO		cliente_reg(cf_cliente, data_registrazione, email)		VALUES('MRTCLD94L12F839L',to_date('12/07/2008','dd/mm/yyyy'),'emailfacile@gmail.com');
INSERT INTO		cliente_reg(cf_cliente, data_registrazione, email)		VALUES('LMRGNM92E20A783Z',to_date('20/05/2016','dd/mm/yyyy'),'cascataevento@gmail.com');
INSERT INTO		cliente_reg(cf_cliente, data_registrazione, email)		VALUES('VREDMN90B10A783V',to_date('10/02/2009','dd/mm/yyyy'),'rossonto@hotmail.it');
INSERT INTO		cliente_reg(cf_cliente, data_registrazione, email)		VALUES('DFRSTR99B52A509N',to_date('12/02/2010','dd/mm/yyyy'),'rentfulloffist@gmail.com');
INSERT INTO		cliente_reg(cf_cliente, data_registrazione, email)		VALUES('DMAGCM94E30A783J',to_date('30/05/2010','dd/mm/yyyy'),'rossovento@hotmail.it');
INSERT INTO		cliente_reg(cf_cliente, data_registrazione, email)		VALUES('VLNFTN94T55A783G',to_date('15/12/2009','dd/mm/yyyy'),'carosellolama@gmail.com');
INSERT INTO		cliente_reg(cf_cliente, data_registrazione, email)		VALUES('PRTVCN89S13F839N',to_date('13/11/2013','dd/mm/yyyy'),'recordtrump@gmail.com');
INSERT INTO		cliente_reg(cf_cliente, data_registrazione, email)		VALUES('CRTRND86R18F839V',to_date('18/10/2015','dd/mm/yyyy'),'astroboy@gmail.com');
INSERT INTO		cliente_reg(cf_cliente, data_registrazione, email)		VALUES('SRNNTT90P56F839F',to_date('16/09/2015','dd/mm/yyyy'),'ULTIMA@gmail.com');
INSERT INTO		cliente_reg(cf_cliente, data_registrazione, email)		VALUES('TSCCTT97M20F924C',to_date('20/08/2009','dd/mm/yyyy'),'rossoNolati@gmail.com');
INSERT INTO		cliente_reg(cf_cliente, data_registrazione, email)		VALUES('VNCSTT89L29L083F',to_date('29/07/2009','dd/mm/yyyy'),'palentios@hotmail.it');
INSERT INTO		cliente_reg(cf_cliente, data_registrazione, email)		VALUES('ZZRLRA95H23B905G',to_date('23/06/2012','dd/mm/yyyy'),'veraonuovo@gmail.com');
INSERT INTO		cliente_reg(cf_cliente, data_registrazione, email)		VALUES('FRRCLI99S09F839H',to_date('09/11/2019','dd/mm/yyyy'),'rossorenti@gmail.com');
INSERT INTO		cliente_reg(cf_cliente, data_registrazione, email)		VALUES('LZNNDR87L15B905J',to_date('09/11/2019','dd/mm/yyyy'),'andreaAlzanti@gmail.com');
INSERT INTO		cliente_reg(cf_cliente, data_registrazione, email)		VALUES('SSLDNL92P51B905E',to_date('09/11/2019','dd/mm/yyyy'),'DanilaAssolti@gmail.com');
INSERT INTO		cliente_reg(cf_cliente, data_registrazione, email)		VALUES('CLMVLA91C22B905Y',to_date('09/11/2019','dd/mm/yyyy'),'ValioCalmi@gmail.com');

--%%%%%		TESSERA
INSERT INTO		 tessera(cod_tessera, data_scadenza, cf_cli_reg)		VALUES('9076754517',to_date('12/07/2020','dd/mm/yyyy'),'MRTCLD94L12F839L');
INSERT INTO		 tessera(cod_tessera, data_scadenza, cf_cli_reg)		VALUES('5679812465',to_date('20/05/2020','dd/mm/yyyy'),'LMRGNM92E20A783Z');
INSERT INTO		 tessera(cod_tessera, data_scadenza, cf_cli_reg)		VALUES('6516100638',to_date('10/02/2020','dd/mm/yyyy'),'VREDMN90B10A783V');
INSERT INTO		 tessera(cod_tessera, data_scadenza, cf_cli_reg)		VALUES('4961015468',to_date('12/02/2020','dd/mm/yyyy'),'DFRSTR99B52A509N');
INSERT INTO		 tessera(cod_tessera, data_scadenza, cf_cli_reg)		VALUES('3281184658',to_date('30/05/2020','dd/mm/yyyy'),'DMAGCM94E30A783J');
INSERT INTO		 tessera(cod_tessera, data_scadenza, cf_cli_reg)		VALUES('8244965086',to_date('15/12/2020','dd/mm/yyyy'),'VLNFTN94T55A783G');
INSERT INTO		 tessera(cod_tessera, data_scadenza, cf_cli_reg)		VALUES('7640782072',to_date('13/11/2020','dd/mm/yyyy'),'PRTVCN89S13F839N');
INSERT INTO		 tessera(cod_tessera, data_scadenza, cf_cli_reg)		VALUES('6099419974',to_date('18/10/2020','dd/mm/yyyy'),'CRTRND86R18F839V');
INSERT INTO		 tessera(cod_tessera, data_scadenza, cf_cli_reg)		VALUES('9294772602',to_date('16/09/2020','dd/mm/yyyy'),'SRNNTT90P56F839F');
INSERT INTO		 tessera(cod_tessera, data_scadenza, cf_cli_reg)		VALUES('5099251851',to_date('20/08/2020','dd/mm/yyyy'),'TSCCTT97M20F924C');
INSERT INTO		 tessera(cod_tessera, data_scadenza, cf_cli_reg)		VALUES('1731180951',to_date('29/07/2020','dd/mm/yyyy'),'VNCSTT89L29L083F');
INSERT INTO		 tessera(cod_tessera, data_scadenza, cf_cli_reg)		VALUES('4777264279',to_date('23/06/2020','dd/mm/yyyy'),'ZZRLRA95H23B905G');
INSERT INTO		 tessera(cod_tessera, data_scadenza, cf_cli_reg)		VALUES('8649193325',to_date('09/11/2020','dd/mm/yyyy'),'FRRCLI99S09F839H');
INSERT INTO		 tessera(cod_tessera, data_scadenza, cf_cli_reg)		VALUES('1731180951',to_date('09/11/2020','dd/mm/yyyy'),'LZNNDR87L15B905J');
INSERT INTO		 tessera(cod_tessera, data_scadenza, cf_cli_reg)		VALUES('4777264279',to_date('09/11/2020','dd/mm/yyyy'),'SSLDNL92P51B905E');
INSERT INTO		 tessera(cod_tessera, data_scadenza, cf_cli_reg)		VALUES('8649193325',to_date('09/11/2020','dd/mm/yyyy'),'CLMVLA91C22B905Y');