--FILIALI
INSERT INTO filiale(localita, cap, via) VALUES('Napoli',	'80121','via shishi sonson');
INSERT INTO filiale(localita, cap, via) VALUES('Benevento',	'82100','via onigiri');
INSERT INTO filiale(localita, cap, via) VALUES('Avellino',	'83100','via daizensekai');
INSERT INTO filiale(localita, cap, via) VALUES('Caserta',	'81100','via jikensha');
INSERT INTO filiale(localita, cap, via) VALUES('Salerno',	'84121','via santoryu');
INSERT INTO filiale(localita, cap, via) VALUES('Casalnuovo di Napoli',	'80013','via ittoryu');
INSERT INTO filiale(localita, cap, via) VALUES('Giugliano',	'80014','via nitoryu');
INSERT INTO filiale(localita, cap, via) VALUES('Torre del Greco',	'80059','via katon');
INSERT INTO filiale(localita, cap, via) VALUES('Pozzuoli',	'80078','via suiton');
INSERT INTO filiale(localita, cap, via) VALUES('Casoria',	'80026','via doton');
INSERT INTO filiale(localita, cap, via) VALUES('Afragola',	'80021','via mokuton');
INSERT INTO filiale(localita, cap, via) VALUES('Acerra',	'80011','via raiton');
INSERT INTO filiale(localita, cap, via) VALUES('Portici',	'80055','via futon');
INSERT INTO filiale(localita, cap, via) VALUES('Ercolano',	'80056','via kotoamatsukami');
INSERT INTO filiale(localita, cap, via) VALUES('Aversa',	'81031','via oroboros');


--REPARTI
INSERT INTO reparto(loc_reparto, flag_reparto) VALUES('Napoli','L');
INSERT INTO reparto(loc_reparto, flag_reparto) VALUES('Napoli','VI');
INSERT INTO reparto(loc_reparto, flag_reparto) VALUES('Napoli','VE');
INSERT INTO reparto(loc_reparto, flag_reparto) VALUES('Benevento','L');
INSERT INTO reparto(loc_reparto, flag_reparto) VALUES('Benevento','VE');
INSERT INTO reparto(loc_reparto, flag_reparto) VALUES('Avellino','VE');
INSERT INTO reparto(loc_reparto, flag_reparto) VALUES('Caserta','L');
INSERT INTO reparto(loc_reparto, flag_reparto) VALUES('Caserta','VI');
INSERT INTO reparto(loc_reparto, flag_reparto) VALUES('Caserta','VE');
INSERT INTO reparto(loc_reparto, flag_reparto) VALUES('Salerno','VI');
INSERT INTO reparto(loc_reparto, flag_reparto) VALUES('Salerno','VE');
INSERT INTO reparto(loc_reparto, flag_reparto) VALUES('Salerno','L');
INSERT INTO reparto(loc_reparto, flag_reparto) VALUES('Casalnuovo di Napoli','L');
INSERT INTO reparto(loc_reparto, flag_reparto) VALUES('Casalnuovo di Napoli','VI');
INSERT INTO reparto(loc_reparto, flag_reparto) VALUES('Giugliano','VE');
INSERT INTO reparto(loc_reparto, flag_reparto) VALUES('Giugliano','VI');
INSERT INTO reparto(loc_reparto, flag_reparto) VALUES('Giugliano','L');
INSERT INTO reparto(loc_reparto, flag_reparto) VALUES('Torre del Greco','VI');
INSERT INTO reparto(loc_reparto, flag_reparto) VALUES('Torre del Greco','VE');
INSERT INTO reparto(loc_reparto, flag_reparto) VALUES('Pozzuoli','VE');
INSERT INTO reparto(loc_reparto, flag_reparto) VALUES('Casoria','VI');
INSERT INTO reparto(loc_reparto, flag_reparto) VALUES('Casoria','VE');
INSERT INTO reparto(loc_reparto, flag_reparto) VALUES('Casoria','L');
INSERT INTO reparto(loc_reparto, flag_reparto) VALUES('Afragola','VI');
INSERT INTO reparto(loc_reparto, flag_reparto) VALUES('Afragola','L');
INSERT INTO reparto(loc_reparto, flag_reparto) VALUES('Acerra','VI');
INSERT INTO reparto(loc_reparto, flag_reparto) VALUES('Acerra','VE');
INSERT INTO reparto(loc_reparto, flag_reparto) VALUES('Acerra','L');
INSERT INTO reparto(loc_reparto, flag_reparto) VALUES('Portici','VI');
INSERT INTO reparto(loc_reparto, flag_reparto) VALUES('Ercolano','VI');
INSERT INTO reparto(loc_reparto, flag_reparto) VALUES('Aversa','VE');
INSERT INTO reparto(loc_reparto, flag_reparto) VALUES('Aversa','VI');


--TAVOLI
INSERT INTO tavolo(numero_tavolo,conto_orario,loc_rep) VALUES(1,2.5,'Napoli');
INSERT INTO tavolo(numero_tavolo,conto_orario,loc_rep) VALUES(2,2.5,'Napoli');
INSERT INTO tavolo(numero_tavolo,conto_orario,loc_rep) VALUES(3,2.5,'Napoli');
INSERT INTO tavolo(numero_tavolo,conto_orario,loc_rep) VALUES(4,2.5,'Napoli');
INSERT INTO tavolo(numero_tavolo,conto_orario,loc_rep) VALUES(5,2.5,'Napoli');
INSERT INTO tavolo(numero_tavolo,conto_orario,loc_rep) VALUES(6,2.5,'Napoli');
INSERT INTO tavolo(numero_tavolo,conto_orario,loc_rep) VALUES(7,3.5,'Napoli');
INSERT INTO tavolo(numero_tavolo,conto_orario,loc_rep) VALUES(8,3.5,'Napoli');
INSERT INTO tavolo(numero_tavolo,conto_orario,loc_rep) VALUES(9,3.5,'Napoli');
INSERT INTO tavolo(numero_tavolo,conto_orario,loc_rep) VALUES(10,2.5,'Napoli');
INSERT INTO tavolo(numero_tavolo,conto_orario,loc_rep) VALUES(1,2,'Benevento');
INSERT INTO tavolo(numero_tavolo,conto_orario,loc_rep) VALUES(2,2,'Benevento');
INSERT INTO tavolo(numero_tavolo,conto_orario,loc_rep) VALUES(3,2,'Benevento');
INSERT INTO tavolo(numero_tavolo,conto_orario,loc_rep) VALUES(4,2,'Benevento');
INSERT INTO tavolo(numero_tavolo,conto_orario,loc_rep) VALUES(5,2.5,'Benevento');
INSERT INTO tavolo(numero_tavolo,conto_orario,loc_rep) VALUES(6,2.5,'Benevento');
INSERT INTO tavolo(numero_tavolo,conto_orario,loc_rep) VALUES(7,2.5,'Benevento');
INSERT INTO tavolo(numero_tavolo,conto_orario,loc_rep) VALUES(8,2.5,'Benevento');
INSERT INTO tavolo(numero_tavolo,conto_orario,loc_rep) VALUES(9,2.5,'Benevento');
INSERT INTO tavolo(numero_tavolo,conto_orario,loc_rep) VALUES(10,4,'Benevento');
INSERT INTO tavolo(numero_tavolo,conto_orario,loc_rep) VALUES(1,2.8,'Caserta');
INSERT INTO tavolo(numero_tavolo,conto_orario,loc_rep) VALUES(2,2.8,'Caserta');
INSERT INTO tavolo(numero_tavolo,conto_orario,loc_rep) VALUES(3,2.8,'Caserta');
INSERT INTO tavolo(numero_tavolo,conto_orario,loc_rep) VALUES(4,2.8,'Caserta');
INSERT INTO tavolo(numero_tavolo,conto_orario,loc_rep) VALUES(5,3,'Caserta');
INSERT INTO tavolo(numero_tavolo,conto_orario,loc_rep) VALUES(6,3,'Caserta');
INSERT INTO tavolo(numero_tavolo,conto_orario,loc_rep) VALUES(7,3,'Caserta');
INSERT INTO tavolo(numero_tavolo,conto_orario,loc_rep) VALUES(8,3,'Caserta');
INSERT INTO tavolo(numero_tavolo,conto_orario,loc_rep) VALUES(9,3,'Caserta');
INSERT INTO tavolo(numero_tavolo,conto_orario,loc_rep) VALUES(10,4,'Caserta');
INSERT INTO tavolo(numero_tavolo,conto_orario,loc_rep) VALUES(1,3,'Salerno');
INSERT INTO tavolo(numero_tavolo,conto_orario,loc_rep) VALUES(2,3,'Salerno');
INSERT INTO tavolo(numero_tavolo,conto_orario,loc_rep) VALUES(3,3.6,'Salerno');
INSERT INTO tavolo(numero_tavolo,conto_orario,loc_rep) VALUES(4,3.6,'Salerno');
INSERT INTO tavolo(numero_tavolo,conto_orario,loc_rep) VALUES(5,2.5,'Salerno');
INSERT INTO tavolo(numero_tavolo,conto_orario,loc_rep) VALUES(1,2.5,'Casalnuovo di Napoli');
INSERT INTO tavolo(numero_tavolo,conto_orario,loc_rep) VALUES(2,2.5,'Casalnuovo di Napoli');
INSERT INTO tavolo(numero_tavolo,conto_orario,loc_rep) VALUES(3,2.5,'Casalnuovo di Napoli');
INSERT INTO tavolo(numero_tavolo,conto_orario,loc_rep) VALUES(4,3.5,'Casalnuovo di Napoli');
INSERT INTO tavolo(numero_tavolo,conto_orario,loc_rep) VALUES(5,3.5,'Casalnuovo di Napoli');
INSERT INTO tavolo(numero_tavolo,conto_orario,loc_rep) VALUES(6,3,'Casalnuovo di Napoli');
INSERT INTO tavolo(numero_tavolo,conto_orario,loc_rep) VALUES(7,3,'Casalnuovo di Napoli');
INSERT INTO tavolo(numero_tavolo,conto_orario,loc_rep) VALUES(8,3,'Casalnuovo di Napoli');
INSERT INTO tavolo(numero_tavolo,conto_orario,loc_rep) VALUES(1,3,'Giugliano');
INSERT INTO tavolo(numero_tavolo,conto_orario,loc_rep) VALUES(2,3,'Giugliano');
INSERT INTO tavolo(numero_tavolo,conto_orario,loc_rep) VALUES(3,3,'Giugliano');
INSERT INTO tavolo(numero_tavolo,conto_orario,loc_rep) VALUES(1,2,'Casoria');
INSERT INTO tavolo(numero_tavolo,conto_orario,loc_rep) VALUES(2,2,'Casoria');
INSERT INTO tavolo(numero_tavolo,conto_orario,loc_rep) VALUES(3,2,'Casoria');
INSERT INTO tavolo(numero_tavolo,conto_orario,loc_rep) VALUES(4,2.8,'Casoria');
INSERT INTO tavolo(numero_tavolo,conto_orario,loc_rep) VALUES(5,2.8,'Casoria');
INSERT INTO tavolo(numero_tavolo,conto_orario,loc_rep) VALUES(6,3.6,'Casoria');
INSERT INTO tavolo(numero_tavolo,conto_orario,loc_rep) VALUES(7,3.6,'Casoria');
INSERT INTO tavolo(numero_tavolo,conto_orario,loc_rep) VALUES(8,3,'Casoria');
INSERT INTO tavolo(numero_tavolo,conto_orario,loc_rep) VALUES(1,3,'Afragola');
INSERT INTO tavolo(numero_tavolo,conto_orario,loc_rep) VALUES(2,3,'Afragola');
INSERT INTO tavolo(numero_tavolo,conto_orario,loc_rep) VALUES(3,3,'Afragola');
INSERT INTO tavolo(numero_tavolo,conto_orario,loc_rep) VALUES(4,3,'Afragola');
INSERT INTO tavolo(numero_tavolo,conto_orario,loc_rep) VALUES(1,4,'Acerra');
INSERT INTO tavolo(numero_tavolo,conto_orario,loc_rep) VALUES(2,6,'Acerra');
INSERT INTO tavolo(numero_tavolo,conto_orario,loc_rep) VALUES(3,4.5,'Acerra');


--AFFITTA TAVOLI
INSERT INTO affitta_tavolo(numero_tav,cf_cliente_reg,loc_rep,flag_rep,ore_affitto,data_ora_inizio) VALUES (1,'VLNFTN94T55A783G','Napoli', 'L', 3, to_date('01/11/2019 15:00','dd/mm/yyyy hh24:mi'));
INSERT INTO affitta_tavolo(numero_tav,cf_cliente_reg,loc_rep,flag_rep,ore_affitto,data_ora_inizio) VALUES (2,'PRTVCN89S13F839N','Napoli', 'L', 4, to_date('12/11/2019 16:00','dd/mm/yyyy hh24:mi'));
INSERT INTO affitta_tavolo(numero_tav,cf_cliente_reg,loc_rep,flag_rep,ore_affitto,data_ora_inizio) VALUES (3,'CRTRND86R18F839V','Napoli', 'L', 2, to_date('18/11/2019 18:00','dd/mm/yyyy hh24:mi'));
INSERT INTO affitta_tavolo(numero_tav,cf_cliente_reg,loc_rep,flag_rep,ore_affitto,data_ora_inizio) VALUES (5,'SRNNTT90P56F839F','Napoli', 'L', 1, to_date('12/10/2019 20:00','dd/mm/yyyy hh24:mi'));
INSERT INTO affitta_tavolo(numero_tav,cf_cliente_reg,loc_rep,flag_rep,ore_affitto,data_ora_inizio) VALUES (6,'VLNFTN94T55A783G','Napoli', 'L', 3, to_date('06/10/2019 16:00','dd/mm/yyyy hh24:mi'));
INSERT INTO affitta_tavolo(numero_tav,cf_cliente_reg,loc_rep,flag_rep,ore_affitto,data_ora_inizio) VALUES (10,'SRNNTT90P56F839F','Napoli', 'L', 4, to_date('22/10/2019 15:30','dd/mm/yyyy hh24:mi'));
INSERT INTO affitta_tavolo(numero_tav,cf_cliente_reg,loc_rep,flag_rep,ore_affitto,data_ora_inizio) VALUES (10,'VREDMN90B10A783V','Caserta', 'L', 1, to_date('01/11/2019 18:00','dd/mm/yyyy hh24:mi'));
INSERT INTO affitta_tavolo(numero_tav,cf_cliente_reg,loc_rep,flag_rep,ore_affitto,data_ora_inizio) VALUES (7,'CRTRND86R18F839V','Caserta', 'L', 2, to_date('03/11/2019 11:00','dd/mm/yyyy hh24:mi'));
INSERT INTO affitta_tavolo(numero_tav,cf_cliente_reg,loc_rep,flag_rep,ore_affitto,data_ora_inizio) VALUES (6,'CRTRND86R18F839V','Caserta', 'L', 2, to_date('06/10/2019 11:00','dd/mm/yyyy hh24:mi'));
INSERT INTO affitta_tavolo(numero_tav,cf_cliente_reg,loc_rep,flag_rep,ore_affitto,data_ora_inizio) VALUES (6,'VNCSTT89L29L083F','Caserta', 'L', 2, to_date('03/11/2019 19:00','dd/mm/yyyy hh24:mi'));
INSERT INTO affitta_tavolo(numero_tav,cf_cliente_reg,loc_rep,flag_rep,ore_affitto,data_ora_inizio) VALUES (7,'VNCSTT89L29L083F','Caserta', 'L', 2, to_date('06/10/2019 19:00','dd/mm/yyyy hh24:mi'));
INSERT INTO affitta_tavolo(numero_tav,cf_cliente_reg,loc_rep,flag_rep,ore_affitto,data_ora_inizio) VALUES (8,'VREDMN90B10A783V','Benevento', 'L', 3, to_date('28/11/2019 14:00','dd/mm/yyyy hh24:mi'));
INSERT INTO affitta_tavolo(numero_tav,cf_cliente_reg,loc_rep,flag_rep,ore_affitto,data_ora_inizio) VALUES (2,'VREDMN90B10A783V','Benevento','L', 1, to_date('04/10/2019 17:00','dd/mm/yyyy hh24:mi'));
INSERT INTO affitta_tavolo(numero_tav,cf_cliente_reg,loc_rep,flag_rep,ore_affitto,data_ora_inizio) VALUES (5,'DMAGCM94E30A783J','Benevento','L', 3, to_date('07/11/2019 12:30','dd/mm/yyyy hh24:mi'));
INSERT INTO affitta_tavolo(numero_tav,cf_cliente_reg,loc_rep,flag_rep,ore_affitto,data_ora_inizio) VALUES (1,'FRRCLI99S09F839H','Salerno','L', 2, to_date('22/11/2019 12:00','dd/mm/yyyy hh24:mi'));
INSERT INTO affitta_tavolo(numero_tav,cf_cliente_reg,loc_rep,flag_rep,ore_affitto,data_ora_inizio) VALUES (3,'MRTCLD94L12F839L','Salerno','L', 1, to_date('25/11/2019 09:00','dd/mm/yyyy hh24:mi'));
INSERT INTO affitta_tavolo(numero_tav,cf_cliente_reg,loc_rep,flag_rep,ore_affitto,data_ora_inizio) VALUES (5,'FRRCLI99S09F839H','Salerno','L', 5, to_date('2/10/2019 10:00','dd/mm/yyyy hh24:mi'));
INSERT INTO affitta_tavolo(numero_tav,cf_cliente_reg,loc_rep,flag_rep,ore_affitto,data_ora_inizio) VALUES (2,'LZNNDR87L15B905J','Casalnuovo di Napoli','L', 1, to_date('01/11/2019 12:00','dd/mm/yyyy hh24:mi'));
INSERT INTO affitta_tavolo(numero_tav,cf_cliente_reg,loc_rep,flag_rep,ore_affitto,data_ora_inizio) VALUES (4,'SSLDNL92P51B905E','Casalnuovo di Napoli','L', 2, to_date('07/10/2019 10:00','dd/mm/yyyy hh24:mi'));
INSERT INTO affitta_tavolo(numero_tav,cf_cliente_reg,loc_rep,flag_rep,ore_affitto,data_ora_inizio) VALUES (3,'SSLDNL92P51B905E','Casalnuovo di Napoli','L', 1, to_date('17/10/2019 19:00','dd/mm/yyyy hh24:mi'));
INSERT INTO affitta_tavolo(numero_tav,cf_cliente_reg,loc_rep,flag_rep,ore_affitto,data_ora_inizio) VALUES (8,'SRNNTT90P56F839F','Casalnuovo di Napoli','L', 3, to_date('30/10/2019 16:00','dd/mm/yyyy hh24:mi'));
INSERT INTO affitta_tavolo(numero_tav,cf_cliente_reg,loc_rep,flag_rep,ore_affitto,data_ora_inizio) VALUES (1,'CRTRND86R18F839V','Giugliano','L', 4, to_date('03/11/2019 12:30','dd/mm/yyyy hh24:mi'));
INSERT INTO affitta_tavolo(numero_tav,cf_cliente_reg,loc_rep,flag_rep,ore_affitto,data_ora_inizio) VALUES (2,'PRTVCN89S13F839N','Giugliano','L', 5, to_date('04/11/2019 14:00','dd/mm/yyyy hh24:mi'));
INSERT INTO affitta_tavolo(numero_tav,cf_cliente_reg,loc_rep,flag_rep,ore_affitto,data_ora_inizio) VALUES (3,'ZZRLRA95H23B905G','Giugliano','L', 1, to_date('05/11/2019 10:00','dd/mm/yyyy hh24:mi'));
INSERT INTO affitta_tavolo(numero_tav,cf_cliente_reg,loc_rep,flag_rep,ore_affitto,data_ora_inizio) VALUES (1,'CLMVLA91C22B905Y','Casoria','L', 3, to_date('07/11/2019 18:00','dd/mm/yyyy hh24:mi'));
INSERT INTO affitta_tavolo(numero_tav,cf_cliente_reg,loc_rep,flag_rep,ore_affitto,data_ora_inizio) VALUES (8,'SSLDNL92P51B905E','Casoria','L', 2, to_date('07/10/2019 12:00','dd/mm/yyyy hh24:mi'));
INSERT INTO affitta_tavolo(numero_tav,cf_cliente_reg,loc_rep,flag_rep,ore_affitto,data_ora_inizio) VALUES (2,'CLMVLA91C22B905Y','Afragola','L', 3, to_date('11/11/2019 17:00','dd/mm/yyyy hh24:mi'));
INSERT INTO affitta_tavolo(numero_tav,cf_cliente_reg,loc_rep,flag_rep,ore_affitto,data_ora_inizio) VALUES (4,'LZNNDR87L15B905J','Afragola','L', 3, to_date('12/10/2019 16:00','dd/mm/yyyy hh24:mi'));
INSERT INTO affitta_tavolo(numero_tav,cf_cliente_reg,loc_rep,flag_rep,ore_affitto,data_ora_inizio) VALUES (2,'LZNNDR87L15B905J','Acerra','L', 1, to_date('13/10/2019 20:00','dd/mm/yyyy hh24:mi'));


--POSTAZIONE
INSERT INTO postazione(numero_postazione,conto_orario,nome_console,loc_rep,flag_rep) VALUES(1,3.5,'SNES Classic Mini','Napoli','VI');
INSERT INTO postazione(numero_postazione,conto_orario,nome_console,loc_rep,flag_rep) VALUES(2,3.5,'PlayStation Classic','Napoli','VI');
INSERT INTO postazione(numero_postazione,conto_orario,nome_console,loc_rep,flag_rep) VALUES(3,3.5,'Xbox 360','Napoli','VI');
INSERT INTO postazione(numero_postazione,conto_orario,nome_console,loc_rep,flag_rep) VALUES(4,3.5,'PlayStation 3','Napoli','VI');
INSERT INTO postazione(numero_postazione,conto_orario,nome_console,loc_rep,flag_rep) VALUES(5,3.5,'Wii U','Napoli','VI');
INSERT INTO postazione(numero_postazione,conto_orario,nome_console,loc_rep,flag_rep) VALUES(6,3.5,'Xbox One','Napoli','VI');
INSERT INTO postazione(numero_postazione,conto_orario,nome_console,loc_rep,flag_rep) VALUES(7,4.5,'PlayStation 4','Napoli','VI');
INSERT INTO postazione(numero_postazione,conto_orario,nome_console,loc_rep,flag_rep) VALUES(8,4.5,'Nintendo Switch','Napoli','VI');
INSERT INTO postazione(numero_postazione,conto_orario,nome_console,loc_rep,flag_rep) VALUES(9,4.5,'PC','Napoli','VI');
INSERT INTO postazione(numero_postazione,conto_orario,nome_console,loc_rep,flag_rep) VALUES(10,3.5,'Sega Megadrive Mini','Napoli','VI');
INSERT INTO postazione(numero_postazione,conto_orario,nome_console,loc_rep,flag_rep) VALUES(1,3.8,'SNES Classic Mini', 'Caserta','VI');
INSERT INTO postazione(numero_postazione,conto_orario,nome_console,loc_rep,flag_rep) VALUES(2,3.8,'NES Classic Mini', 'Caserta','VI');
INSERT INTO postazione(numero_postazione,conto_orario,nome_console,loc_rep,flag_rep) VALUES(3,3.8,'Sega Megadrive Mini', 'Caserta','VI');
INSERT INTO postazione(numero_postazione,conto_orario,nome_console,loc_rep,flag_rep) VALUES(4,3.8,'PlayStation Classic', 'Caserta','VI');
INSERT INTO postazione(numero_postazione,conto_orario,nome_console,loc_rep,flag_rep) VALUES(5,4,'Xbox 360', 'Caserta','VI');
INSERT INTO postazione(numero_postazione,conto_orario,nome_console,loc_rep,flag_rep) VALUES(6,4,'PlayStation 3', 'Caserta','VI');
INSERT INTO postazione(numero_postazione,conto_orario,nome_console,loc_rep,flag_rep) VALUES(7,4,'PC', 'Caserta','VI');
INSERT INTO postazione(numero_postazione,conto_orario,nome_console,loc_rep,flag_rep) VALUES(8,4,'Xbox One','Caserta','VI');
INSERT INTO postazione(numero_postazione,conto_orario,nome_console,loc_rep,flag_rep) VALUES(9,4,'PlayStation 4', 'Caserta','VI');
INSERT INTO postazione(numero_postazione,conto_orario,nome_console,loc_rep,flag_rep) VALUES(10,4,'Nintendo Switch','Caserta','VI');
INSERT INTO postazione(numero_postazione,conto_orario,nome_console,loc_rep,flag_rep) VALUES(1,4,'Xbox 360', 'Salerno','VI');
INSERT INTO postazione(numero_postazione,conto_orario,nome_console,loc_rep,flag_rep) VALUES(2,4,'PlayStation 3', 'Salerno','VI');
INSERT INTO postazione(numero_postazione,conto_orario,nome_console,loc_rep,flag_rep) VALUES(3,4.6,'PlayStation 4', 'Salerno','VI');
INSERT INTO postazione(numero_postazione,conto_orario,nome_console,loc_rep,flag_rep) VALUES(4,4.6,'Nintendo Switch','Salerno','VI');
INSERT INTO postazione(numero_postazione,conto_orario,nome_console,loc_rep,flag_rep) VALUES(5,4.5,'PC','Salerno','VI');
INSERT INTO postazione(numero_postazione,conto_orario,nome_console,loc_rep,flag_rep) VALUES(1,2.5,'NES Classic Mini', 'Casalnuovo di Napoli','VI');
INSERT INTO postazione(numero_postazione,conto_orario,nome_console,loc_rep,flag_rep) VALUES(2,2.5,'Sega Megadrive Mini', 'Casalnuovo di Napoli','VI');
INSERT INTO postazione(numero_postazione,conto_orario,nome_console,loc_rep,flag_rep) VALUES(3,2.5,'PlayStation Classic', 'Casalnuovo di Napoli','VI');
INSERT INTO postazione(numero_postazione,conto_orario,nome_console,loc_rep,flag_rep) VALUES(4,3.5,'PC','Casalnuovo di Napoli','VI');
INSERT INTO postazione(numero_postazione,conto_orario,nome_console,loc_rep,flag_rep) VALUES(5,3.5,'PC','Casalnuovo di Napoli','VI');
INSERT INTO postazione(numero_postazione,conto_orario,nome_console,loc_rep,flag_rep) VALUES(6,3,'Xbox One','Casalnuovo di Napoli','VI');
INSERT INTO postazione(numero_postazione,conto_orario,nome_console,loc_rep,flag_rep) VALUES(7,3,'PlayStation 4', 'Casalnuovo di Napoli','VI');
INSERT INTO postazione(numero_postazione,conto_orario,nome_console,loc_rep,flag_rep) VALUES(8,3,'Nintendo Switch','Casalnuovo di Napoli','VI');
INSERT INTO postazione(numero_postazione,conto_orario,nome_console,loc_rep,flag_rep) VALUES(1,3,'PC','Giugliano','VI');
INSERT INTO postazione(numero_postazione,conto_orario,nome_console,loc_rep,flag_rep) VALUES(2,3,'PC','Giugliano','VI');
INSERT INTO postazione(numero_postazione,conto_orario,nome_console,loc_rep,flag_rep) VALUES(3,3,'PC','Giugliano','VI');
INSERT INTO postazione(numero_postazione,conto_orario,nome_console,loc_rep,flag_rep) VALUES(1,2,'SNES Classic Mini', 'Casoria','VI');
INSERT INTO postazione(numero_postazione,conto_orario,nome_console,loc_rep,flag_rep) VALUES(2,2,'NES Classic Mini', 'Casoria','VI');
INSERT INTO postazione(numero_postazione,conto_orario,nome_console,loc_rep,flag_rep) VALUES(3,2,'Sega Megadrive Mini','Casoria','VI');
INSERT INTO postazione(numero_postazione,conto_orario,nome_console,loc_rep,flag_rep) VALUES(4,2.8,'PlayStation 3', 'Casoria','VI');
INSERT INTO postazione(numero_postazione,conto_orario,nome_console,loc_rep,flag_rep) VALUES(5,2.8,'PlayStation 3', 'Casoria','VI');
INSERT INTO postazione(numero_postazione,conto_orario,nome_console,loc_rep,flag_rep) VALUES(6,3.6,'PlayStation 4','Casoria','VI');
INSERT INTO postazione(numero_postazione,conto_orario,nome_console,loc_rep,flag_rep) VALUES(7,3.6,'PlayStation 4','Casoria','VI');
INSERT INTO postazione(numero_postazione,conto_orario,nome_console,loc_rep,flag_rep) VALUES(8,4,'Nintendo Switch','Casoria','VI');
INSERT INTO postazione(numero_postazione,conto_orario,nome_console,loc_rep,flag_rep) VALUES(1,3,'PC','Afragola','VI');
INSERT INTO postazione(numero_postazione,conto_orario,nome_console,loc_rep,flag_rep) VALUES(2,3,'PC','Afragola','VI');
INSERT INTO postazione(numero_postazione,conto_orario,nome_console,loc_rep,flag_rep) VALUES(3,3,'PC','Afragola','VI');
INSERT INTO postazione(numero_postazione,conto_orario,nome_console,loc_rep,flag_rep) VALUES(4,3,'PC','Afragola','VI');
INSERT INTO postazione(numero_postazione,conto_orario,nome_console,loc_rep,flag_rep) VALUES(1,4,'PlayStation 4', 'Acerra','VI');
INSERT INTO postazione(numero_postazione,conto_orario,nome_console,loc_rep,flag_rep) VALUES(2,6,'Nintendo Switch', 'Acerra','VI');
INSERT INTO postazione(numero_postazione,conto_orario,nome_console,loc_rep,flag_rep) VALUES(3,4.5,'PC','Acerra','VI');
INSERT INTO postazione(numero_postazione,conto_orario,nome_console,loc_rep,flag_rep) VALUES(1,3,'PC','Torre del Greco','VI');
INSERT INTO postazione(numero_postazione,conto_orario,nome_console,loc_rep,flag_rep) VALUES(2,3,'PC','Torre del Greco','VI');
INSERT INTO postazione(numero_postazione,conto_orario,nome_console,loc_rep,flag_rep) VALUES(3,3,'PC','Torre del Greco','VI');
INSERT INTO postazione(numero_postazione,conto_orario,nome_console,loc_rep,flag_rep) VALUES(4,2,'SNES Classic Mini','Torre del Greco','VI');
INSERT INTO postazione(numero_postazione,conto_orario,nome_console,loc_rep,flag_rep) VALUES(5,2,'NES Classic Mini', 'Torre del Greco','VI');
INSERT INTO postazione(numero_postazione,conto_orario,nome_console,loc_rep,flag_rep) VALUES(6,2,'Sega Megadrive Mini','Torre del Greco','VI');
INSERT INTO postazione(numero_postazione,conto_orario,nome_console,loc_rep,flag_rep) VALUES(7,2.8,'PlayStation 3', 'Torre del Greco','VI');
INSERT INTO postazione(numero_postazione,conto_orario,nome_console,loc_rep,flag_rep) VALUES(1,3,'PC','Portici','VI');
INSERT INTO postazione(numero_postazione,conto_orario,nome_console,loc_rep,flag_rep) VALUES(2,3,'PC','Portici','VI');
INSERT INTO postazione(numero_postazione,conto_orario,nome_console,loc_rep,flag_rep) VALUES(3,4,'PlayStation 4', 'Portici','VI');
INSERT INTO postazione(numero_postazione,conto_orario,nome_console,loc_rep,flag_rep) VALUES(1,6,'Nintendo Switch', 'Ercolano','VI');
INSERT INTO postazione(numero_postazione,conto_orario,nome_console,loc_rep,flag_rep) VALUES(2,4.5,'PC','Ercolano','VI');
INSERT INTO postazione(numero_postazione,conto_orario,nome_console,loc_rep,flag_rep) VALUES(1,3,'PC','Aversa','VI');
INSERT INTO postazione(numero_postazione,conto_orario,nome_console,loc_rep,flag_rep) VALUES(2,3,'PC','Aversa','VI');
INSERT INTO postazione(numero_postazione,conto_orario,nome_console,loc_rep,flag_rep) VALUES(3,3.5,'SNES Classic Mini','Aversa','VI');
INSERT INTO postazione(numero_postazione,conto_orario,nome_console,loc_rep,flag_rep) VALUES(4,3.5,'PlayStation Classic','Aversa','VI');
INSERT INTO postazione(numero_postazione,conto_orario,nome_console,loc_rep,flag_rep) VALUES(5,3.5,'Xbox 360','Aversa','VI');
INSERT INTO postazione(numero_postazione,conto_orario,nome_console,loc_rep,flag_rep) VALUES(6,3.5,'PlayStation 3','Aversa','VI');
INSERT INTO postazione(numero_postazione,conto_orario,nome_console,loc_rep,flag_rep) VALUES(7,3.5,'Wii U','Aversa','VI');
INSERT INTO postazione(numero_postazione,conto_orario,nome_console,loc_rep,flag_rep) VALUES(8,3.5,'Xbox One','Aversa','VI');


--AFFITTA POSTAZIONE
INSERT INTO affitta_postazione(numero_pos,cf_cliente_reg,loc_rep,flag_rep,ore_affitto,data_ora_inizio) VALUES (1 ,'VLNFTN94T55A783G','Napoli', 'VI', 3, to_date('02/11/2019 14:00','dd/mm/yyyy hh24:mi'));
INSERT INTO affitta_postazione(numero_pos,cf_cliente_reg,loc_rep,flag_rep,ore_affitto,data_ora_inizio) VALUES (2 ,'PRTVCN89S13F839N','Napoli', 'VI', 4, to_date('13/11/2019 15:00','dd/mm/yyyy hh24:mi'));
INSERT INTO affitta_postazione(numero_pos,cf_cliente_reg,loc_rep,flag_rep,ore_affitto,data_ora_inizio) VALUES (3 ,'CRTRND86R18F839V','Napoli', 'VI', 2, to_date('19/11/2019 17:00','dd/mm/yyyy hh24:mi'));
INSERT INTO affitta_postazione(numero_pos,cf_cliente_reg,loc_rep,flag_rep,ore_affitto,data_ora_inizio) VALUES (5 ,'SRNNTT90P56F839F','Napoli', 'VI', 1, to_date('13/10/2019 19:00','dd/mm/yyyy hh24:mi'));
INSERT INTO affitta_postazione(numero_pos,cf_cliente_reg,loc_rep,flag_rep,ore_affitto,data_ora_inizio) VALUES (6 ,'VLNFTN94T55A783G','Napoli', 'VI', 3, to_date('07/10/2019 15:00','dd/mm/yyyy hh24:mi'));
INSERT INTO affitta_postazione(numero_pos,cf_cliente_reg,loc_rep,flag_rep,ore_affitto,data_ora_inizio) VALUES (10,'SRNNTT90P56F839F','Napoli', 'VI', 4, to_date('21/10/2019 14:30','dd/mm/yyyy hh24:mi'));
INSERT INTO affitta_postazione(numero_pos,cf_cliente_reg,loc_rep,flag_rep,ore_affitto,data_ora_inizio) VALUES (10,'VREDMN90B10A783V','Caserta','VI', 1, to_date('02/11/2019 17:00','dd/mm/yyyy hh24:mi'));
INSERT INTO affitta_postazione(numero_pos,cf_cliente_reg,loc_rep,flag_rep,ore_affitto,data_ora_inizio) VALUES (6,'CRTRND86R18F839V','Caserta', 'VI', 2, to_date('07/10/2019 10:00','dd/mm/yyyy hh24:mi'));
INSERT INTO affitta_postazione(numero_pos,cf_cliente_reg,loc_rep,flag_rep,ore_affitto,data_ora_inizio) VALUES (6,'VNCSTT89L29L083F','Caserta', 'VI', 2, to_date('04/11/2019 18:00','dd/mm/yyyy hh24:mi'));
INSERT INTO affitta_postazione(numero_pos,cf_cliente_reg,loc_rep,flag_rep,ore_affitto,data_ora_inizio) VALUES (7,'VNCSTT89L29L083F','Caserta', 'VI', 2, to_date('07/10/2019 17:00','dd/mm/yyyy hh24:mi'));
INSERT INTO affitta_postazione(numero_pos,cf_cliente_reg,loc_rep,flag_rep,ore_affitto,data_ora_inizio) VALUES (1,'FRRCLI99S09F839H','Salerno','VI', 2, to_date('21/11/2019 11:00','dd/mm/yyyy hh24:mi'));
INSERT INTO affitta_postazione(numero_pos,cf_cliente_reg,loc_rep,flag_rep,ore_affitto,data_ora_inizio) VALUES (3,'MRTCLD94L12F839L','Salerno','VI', 1, to_date('26/11/2019 09:00','dd/mm/yyyy hh24:mi'));
INSERT INTO affitta_postazione(numero_pos,cf_cliente_reg,loc_rep,flag_rep,ore_affitto,data_ora_inizio) VALUES (2,'LZNNDR87L15B905J','Casalnuovo di Napoli','VI', 1, to_date('03/11/2019 11:00','dd/mm/yyyy hh24:mi'));
INSERT INTO affitta_postazione(numero_pos,cf_cliente_reg,loc_rep,flag_rep,ore_affitto,data_ora_inizio) VALUES (4,'SSLDNL92P51B905E','Casalnuovo di Napoli','VI', 2, to_date('06/10/2019 09:00','dd/mm/yyyy hh24:mi'));
INSERT INTO affitta_postazione(numero_pos,cf_cliente_reg,loc_rep,flag_rep,ore_affitto,data_ora_inizio) VALUES (3,'SSLDNL92P51B905E','Casalnuovo di Napoli','VI', 1, to_date('18/10/2019 18:00','dd/mm/yyyy hh24:mi'));
INSERT INTO affitta_postazione(numero_pos,cf_cliente_reg,loc_rep,flag_rep,ore_affitto,data_ora_inizio) VALUES (8,'SRNNTT90P56F839F','Casalnuovo di Napoli','VI', 3, to_date('20/10/2019 15:00','dd/mm/yyyy hh24:mi'));
INSERT INTO affitta_postazione(numero_pos,cf_cliente_reg,loc_rep,flag_rep,ore_affitto,data_ora_inizio) VALUES (1,'CRTRND86R18F839V','Giugliano','VI', 4, to_date('04/11/2019 11:30','dd/mm/yyyy hh24:mi'));
INSERT INTO affitta_postazione(numero_pos,cf_cliente_reg,loc_rep,flag_rep,ore_affitto,data_ora_inizio) VALUES (2,'PRTVCN89S13F839N','Giugliano','VI', 5, to_date('05/11/2019 13:00','dd/mm/yyyy hh24:mi'));
INSERT INTO affitta_postazione(numero_pos,cf_cliente_reg,loc_rep,flag_rep,ore_affitto,data_ora_inizio) VALUES (3,'ZZRLRA95H23B905G','Giugliano','VI', 1, to_date('07/11/2019 09:00','dd/mm/yyyy hh24:mi'));
INSERT INTO affitta_postazione(numero_pos,cf_cliente_reg,loc_rep,flag_rep,ore_affitto,data_ora_inizio) VALUES (1,'CLMVLA91C22B905Y','Casoria','VI', 3, to_date('08/11/2019 17:00','dd/mm/yyyy hh24:mi'));
INSERT INTO affitta_postazione(numero_pos,cf_cliente_reg,loc_rep,flag_rep,ore_affitto,data_ora_inizio) VALUES (8,'SSLDNL92P51B905E','Casoria','VI', 2, to_date('08/10/2019 11:00','dd/mm/yyyy hh24:mi'));
INSERT INTO affitta_postazione(numero_pos,cf_cliente_reg,loc_rep,flag_rep,ore_affitto,data_ora_inizio) VALUES (2,'CLMVLA91C22B905Y','Afragola','VI', 3, to_date('12/11/2019 16:00','dd/mm/yyyy hh24:mi'));
INSERT INTO affitta_postazione(numero_pos,cf_cliente_reg,loc_rep,flag_rep,ore_affitto,data_ora_inizio) VALUES (4,'LZNNDR87L15B905J','Afragola','VI', 3, to_date('13/10/2019 15:00','dd/mm/yyyy hh24:mi'));
INSERT INTO affitta_postazione(numero_pos,cf_cliente_reg,loc_rep,flag_rep,ore_affitto,data_ora_inizio) VALUES (2,'LZNNDR87L15B905J','Acerra','VI', 1, to_date('14/10/2019 19:00','dd/mm/yyyy hh24:mi'));


--VIDEOGIOCHI_REP
INSERT INTO videogiochi_rep(loc_rep_video,nome) VALUES ('Napoli','League of Legend');
INSERT INTO videogiochi_rep(loc_rep_video,nome) VALUES ('Napoli','DOTA');
INSERT INTO videogiochi_rep(loc_rep_video,nome) VALUES ('Napoli','League of Runeterra');
INSERT INTO videogiochi_rep(loc_rep_video,nome) VALUES ('Napoli','Pubg');
INSERT INTO videogiochi_rep(loc_rep_video,nome) VALUES ('Napoli','Overwatch');
INSERT INTO videogiochi_rep(loc_rep_video,nome) VALUES ('Napoli','League of Runeterra');
INSERT INTO videogiochi_rep(loc_rep_video,nome) VALUES ('Napoli','Team Fight Tattics');

INSERT INTO videogiochi_rep(loc_rep_video,nome) VALUES ('Caserta','League of Legend');
INSERT INTO videogiochi_rep(loc_rep_video,nome) VALUES ('Caserta','DOTA');
INSERT INTO videogiochi_rep(loc_rep_video,nome) VALUES ('Caserta','League of Runeterra');
INSERT INTO videogiochi_rep(loc_rep_video,nome) VALUES ('Caserta','Pubg');
INSERT INTO videogiochi_rep(loc_rep_video,nome) VALUES ('Salerno','Overwatch');
INSERT INTO videogiochi_rep(loc_rep_video,nome) VALUES ('Salerno','League of Runeterra');
INSERT INTO videogiochi_rep(loc_rep_video,nome) VALUES ('Salerno','Team Fight Tattics');
INSERT INTO videogiochi_rep(loc_rep_video,nome) VALUES ('Salerno','Call of Duty Black ops II');
INSERT INTO videogiochi_rep(loc_rep_video,nome) VALUES ('Casalnuovo di Napoli','Warcraft');
INSERT INTO videogiochi_rep(loc_rep_video,nome) VALUES ('Casalnuovo di Napoli','Minecraft');
INSERT INTO videogiochi_rep(loc_rep_video,nome) VALUES ('Casalnuovo di Napoli','StarCraft II');
INSERT INTO videogiochi_rep(loc_rep_video,nome) VALUES ('Casalnuovo di Napoli','Diablo IV');
INSERT INTO videogiochi_rep(loc_rep_video,nome) VALUES ('Giugliano','Resident Evil II');
INSERT INTO videogiochi_rep(loc_rep_video,nome) VALUES ('Giugliano','Turmoil');
INSERT INTO videogiochi_rep(loc_rep_video,nome) VALUES ('Giugliano','Dauntless');
INSERT INTO videogiochi_rep(loc_rep_video,nome) VALUES ('Giugliano','MTG Arena');
INSERT INTO videogiochi_rep(loc_rep_video,nome) VALUES ('Torre del Greco','League of Legend');
INSERT INTO videogiochi_rep(loc_rep_video,nome) VALUES ('Torre del Greco','Enter the Gungeon');
INSERT INTO videogiochi_rep(loc_rep_video,nome) VALUES ('Torre del Greco','Brawlhalla');
INSERT INTO videogiochi_rep(loc_rep_video,nome) VALUES ('Torre del Greco','Resident Evil III');
INSERT INTO videogiochi_rep(loc_rep_video,nome) VALUES ('Casoria','Dauntless');
INSERT INTO videogiochi_rep(loc_rep_video,nome) VALUES ('Casoria','Brawlhalla');
INSERT INTO videogiochi_rep(loc_rep_video,nome) VALUES ('Casoria','Turmoil');
INSERT INTO videogiochi_rep(loc_rep_video,nome) VALUES ('Casoria','Call of Duty Black ops II');
INSERT INTO videogiochi_rep(loc_rep_video,nome) VALUES ('Afragola','Resident Evil II');
INSERT INTO videogiochi_rep(loc_rep_video,nome) VALUES ('Afragola','StarCraft II');
INSERT INTO videogiochi_rep(loc_rep_video,nome) VALUES ('Afragola','Diablo IV');
INSERT INTO videogiochi_rep(loc_rep_video,nome) VALUES ('Afragola','MTG Arena');
INSERT INTO videogiochi_rep(loc_rep_video,nome) VALUES ('Acerra','Dauntless');
INSERT INTO videogiochi_rep(loc_rep_video,nome) VALUES ('Acerra','Overwatch');
INSERT INTO videogiochi_rep(loc_rep_video,nome) VALUES ('Acerra','Turmoil');
INSERT INTO videogiochi_rep(loc_rep_video,nome) VALUES ('Acerra','Enter the Gungeon');
INSERT INTO videogiochi_rep(loc_rep_video,nome) VALUES ('Portici','Enter the Gungeon');
INSERT INTO videogiochi_rep(loc_rep_video,nome) VALUES ('Portici','*Resident Evil III');
INSERT INTO videogiochi_rep(loc_rep_video,nome) VALUES ('Portici','Overwatch');
INSERT INTO videogiochi_rep(loc_rep_video,nome) VALUES ('Portici','Brawlhalla');
INSERT INTO videogiochi_rep(loc_rep_video,nome) VALUES ('Ercolano','League of Legend');
INSERT INTO videogiochi_rep(loc_rep_video,nome) VALUES ('Ercolano','Warcraft');
INSERT INTO videogiochi_rep(loc_rep_video,nome) VALUES ('Ercolano','StarCraft II');
INSERT INTO videogiochi_rep(loc_rep_video,nome) VALUES ('Ercolano','Dauntless');
INSERT INTO videogiochi_rep(loc_rep_video,nome) VALUES ('Aversa','MTG Arena');
INSERT INTO videogiochi_rep(loc_rep_video,nome) VALUES ('Aversa','Call of Duty Black ops II');
INSERT INTO videogiochi_rep(loc_rep_video,nome) VALUES ('Aversa','Diablo IV');
INSERT INTO videogiochi_rep(loc_rep_video,nome) VALUES ('Aversa','Turmoil');

--GIOCHI_TAVOLO_REP
INSERT INTO giochi_tavolo_rep(loc_rep_tav,nome) VALUES ('Napoli','Alpha');
INSERT INTO giochi_tavolo_rep(loc_rep_tav,nome) VALUES ('Napoli','Zamit');
INSERT INTO giochi_tavolo_rep(loc_rep_tav,nome) VALUES ('Napoli','Span');
INSERT INTO giochi_tavolo_rep(loc_rep_tav,nome) VALUES ('Napoli','Overhold');
INSERT INTO giochi_tavolo_rep(loc_rep_tav,nome) VALUES ('Napoli','Zontrax');
INSERT INTO giochi_tavolo_rep(loc_rep_tav,nome) VALUES ('Napoli','Matsoft');
INSERT INTO giochi_tavolo_rep(loc_rep_tav,nome) VALUES ('Napoli','Flowdesk');
INSERT INTO giochi_tavolo_rep(loc_rep_tav,nome) VALUES ('Napoli','Konklux');
INSERT INTO giochi_tavolo_rep(loc_rep_tav,nome) VALUES ('Benevento','Kanlam');
INSERT INTO giochi_tavolo_rep(loc_rep_tav,nome) VALUES ('Benevento','Y-find');
INSERT INTO giochi_tavolo_rep(loc_rep_tav,nome) VALUES ('Benevento','Cardify');
INSERT INTO giochi_tavolo_rep(loc_rep_tav,nome) VALUES ('Benevento','Tempsoft');
INSERT INTO giochi_tavolo_rep(loc_rep_tav,nome) VALUES ('Benevento','Andalax');
INSERT INTO giochi_tavolo_rep(loc_rep_tav,nome) VALUES ('Benevento','Solarbreeze');
INSERT INTO giochi_tavolo_rep(loc_rep_tav,nome) VALUES ('Benevento','Tampflex');
INSERT INTO giochi_tavolo_rep(loc_rep_tav,nome) VALUES ('Benevento','Treefleathin');
INSERT INTO giochi_tavolo_rep(loc_rep_tav,nome) VALUES ('Caserta','HaProddertity');
INSERT INTO giochi_tavolo_rep(loc_rep_tav,nome) VALUES ('Caserta','Domainer');
INSERT INTO giochi_tavolo_rep(loc_rep_tav,nome) VALUES ('Caserta','Zamit');
INSERT INTO giochi_tavolo_rep(loc_rep_tav,nome) VALUES ('Caserta','Alphazap');
INSERT INTO giochi_tavolo_rep(loc_rep_tav,nome) VALUES ('Caserta','Konklux');
INSERT INTO giochi_tavolo_rep(loc_rep_tav,nome) VALUES ('Caserta','Fintone');
INSERT INTO giochi_tavolo_rep(loc_rep_tav,nome) VALUES ('Caserta','Bitwolf');
INSERT INTO giochi_tavolo_rep(loc_rep_tav,nome) VALUES ('Caserta','Fix San');
INSERT INTO giochi_tavolo_rep(loc_rep_tav,nome) VALUES ('Salerno','Keylex');
INSERT INTO giochi_tavolo_rep(loc_rep_tav,nome) VALUES ('Salerno','Asoka');
INSERT INTO giochi_tavolo_rep(loc_rep_tav,nome) VALUES ('Salerno','Lotlux');
INSERT INTO giochi_tavolo_rep(loc_rep_tav,nome) VALUES ('Salerno','Quo Lux');
INSERT INTO giochi_tavolo_rep(loc_rep_tav,nome) VALUES ('Salerno','Hatity');
INSERT INTO giochi_tavolo_rep(loc_rep_tav,nome) VALUES ('Salerno','Zontrax');
INSERT INTO giochi_tavolo_rep(loc_rep_tav,nome) VALUES ('Salerno','Cardify');
INSERT INTO giochi_tavolo_rep(loc_rep_tav,nome) VALUES ('Salerno','Alpha');
INSERT INTO giochi_tavolo_rep(loc_rep_tav,nome) VALUES ('Casalnuovo di Napoli','Konklux');
INSERT INTO giochi_tavolo_rep(loc_rep_tav,nome) VALUES ('Casalnuovo di Napoli','Fintone');
INSERT INTO giochi_tavolo_rep(loc_rep_tav,nome) VALUES ('Casalnuovo di Napoli','Bitwolf');
INSERT INTO giochi_tavolo_rep(loc_rep_tav,nome) VALUES ('Casalnuovo di Napoli','Fix San');
INSERT INTO giochi_tavolo_rep(loc_rep_tav,nome) VALUES ('Casalnuovo di Napoli','Keylex');
INSERT INTO giochi_tavolo_rep(loc_rep_tav,nome) VALUES ('Casalnuovo di Napoli','Asoka');
INSERT INTO giochi_tavolo_rep(loc_rep_tav,nome) VALUES ('Casalnuovo di Napoli','Lotlux');
INSERT INTO giochi_tavolo_rep(loc_rep_tav,nome) VALUES ('Casalnuovo di Napoli','Quo Lux');
INSERT INTO giochi_tavolo_rep(loc_rep_tav,nome) VALUES ('Giugliano','Flowdesk');
INSERT INTO giochi_tavolo_rep(loc_rep_tav,nome) VALUES ('Giugliano','Konklux');
INSERT INTO giochi_tavolo_rep(loc_rep_tav,nome) VALUES ('Giugliano','Kanlam');
INSERT INTO giochi_tavolo_rep(loc_rep_tav,nome) VALUES ('Giugliano','Y-find');
INSERT INTO giochi_tavolo_rep(loc_rep_tav,nome) VALUES ('Giugliano','Cardify');
INSERT INTO giochi_tavolo_rep(loc_rep_tav,nome) VALUES ('Giugliano','Tempsoft');
INSERT INTO giochi_tavolo_rep(loc_rep_tav,nome) VALUES ('Giugliano','Andalax');
INSERT INTO giochi_tavolo_rep(loc_rep_tav,nome) VALUES ('Giugliano','Solarbreeze');
INSERT INTO giochi_tavolo_rep(loc_rep_tav,nome) VALUES ('Casoria','Flowdesk');
INSERT INTO giochi_tavolo_rep(loc_rep_tav,nome) VALUES ('Casoria','Konklux');
INSERT INTO giochi_tavolo_rep(loc_rep_tav,nome) VALUES ('Casoria','Kanlam');
INSERT INTO giochi_tavolo_rep(loc_rep_tav,nome) VALUES ('Casoria','Y-find');
INSERT INTO giochi_tavolo_rep(loc_rep_tav,nome) VALUES ('Casoria','Cardify');
INSERT INTO giochi_tavolo_rep(loc_rep_tav,nome) VALUES ('Casoria','Tempsoft');
INSERT INTO giochi_tavolo_rep(loc_rep_tav,nome) VALUES ('Casoria','Andalax');
INSERT INTO giochi_tavolo_rep(loc_rep_tav,nome) VALUES ('Casoria','Solarbreeze');
INSERT INTO giochi_tavolo_rep(loc_rep_tav,nome) VALUES ('Afragola','Andalax');
INSERT INTO giochi_tavolo_rep(loc_rep_tav,nome) VALUES ('Afragola','Zathin');
INSERT INTO giochi_tavolo_rep(loc_rep_tav,nome) VALUES ('Afragola','Hatity');
INSERT INTO giochi_tavolo_rep(loc_rep_tav,nome) VALUES ('Afragola','DomaineE');
INSERT INTO giochi_tavolo_rep(loc_rep_tav,nome) VALUES ('Afragola','Zamit');
INSERT INTO giochi_tavolo_rep(loc_rep_tav,nome) VALUES ('Afragola','Tampflex');
INSERT INTO giochi_tavolo_rep(loc_rep_tav,nome) VALUES ('Afragola','Treeflex');
INSERT INTO giochi_tavolo_rep(loc_rep_tav,nome) VALUES ('Afragola','Prodder');
INSERT INTO giochi_tavolo_rep(loc_rep_tav,nome) VALUES ('Acerra','Voyatouch');
INSERT INTO giochi_tavolo_rep(loc_rep_tav,nome) VALUES ('Acerra','Ventosanzap');
INSERT INTO giochi_tavolo_rep(loc_rep_tav,nome) VALUES ('Acerra','Holdlamis');
INSERT INTO giochi_tavolo_rep(loc_rep_tav,nome) VALUES ('Acerra','Transcof');
INSERT INTO giochi_tavolo_rep(loc_rep_tav,nome) VALUES ('Acerra','Bitchip');
INSERT INTO giochi_tavolo_rep(loc_rep_tav,nome) VALUES ('Acerra','Matsoft');
INSERT INTO giochi_tavolo_rep(loc_rep_tav,nome) VALUES ('Acerra','Tampflex');
INSERT INTO giochi_tavolo_rep(loc_rep_tav,nome) VALUES ('Acerra','Treeflex');