--%%%%%		LAVORATORE 
INSERT INTO		Lavoratore(cf, data_di_nascita, nome, cognome, secondo_nome, citta_residenza,data_assunzione)		VALUES('EUILMF99Y494JIK9',to_date('12/07/1994','dd/mm/yyyy'),'Claudio','Inizio',NULL,'Napoli',to_date('1/11/2005','dd/mm/yyyy'));
INSERT INTO		Lavoratore(cf, data_di_nascita, nome, cognome, secondo_nome, citta_residenza,data_assunzione)		VALUES('PLEASD49K938911J',to_date('20/05/1992','dd/mm/yyyy'),'Giovanni','constrice','Cori','Benevento',to_date('12/05/2005','dd/mm/yyyy'));
INSERT INTO		Lavoratore(cf, data_di_nascita, nome, cognome, secondo_nome, citta_residenza,data_assunzione)		VALUES('JIONAS34H48M839A',to_date('10/02/1990','dd/mm/yyyy'),'Damiano','Danni',NULL,'Benevento',to_date('13/06/2005','dd/mm/yyyy'));
INSERT INTO		Lavoratore(cf, data_di_nascita, nome, cognome, secondo_nome, citta_residenza,data_assunzione)		VALUES('CREATI89R58F839U',to_date('12/02/1999','dd/mm/yyyy'),'Laura','Deri',NULL,'Avellino',to_date('17/04/2005','dd/mm/yyyy'));
INSERT INTO		Lavoratore(cf, data_di_nascita, nome, cognome, secondo_nome, citta_residenza,data_assunzione)		VALUES('LOSSAN99R48F839I',to_date('30/05/1994','dd/mm/yyyy'),'Giacomo','Luna',NULL,'Benevento',to_date('30/05/2005','dd/mm/yyyy'));
INSERT INTO		Lavoratore(cf, data_di_nascita, nome, cognome, secondo_nome, citta_residenza,data_assunzione)		VALUES('SNTDGI98D03A783K',to_date('03/04/1998','dd/mm/yyyy'),'Estro','Santi',NULL,'Benevento',to_date('06/07/2006','dd/mm/yyyy'));
INSERT INTO		Lavoratore(cf, data_di_nascita, nome, cognome, secondo_nome, citta_residenza,data_assunzione)		VALUES('LZNNDR87L15B905J',to_date('15/07/1987','dd/mm/yyyy'),'Calma','Asanti',NULL,'Casalnuovo',to_date('04/04/2007','dd/mm/yyyy'));
INSERT INTO		Lavoratore(cf, data_di_nascita, nome, cognome, secondo_nome, citta_residenza,data_assunzione)		VALUES('MONSTE86L62F839Q',to_date('22/07/1996','dd/mm/yyyy'),'Volare','Via',NULL,'Napoli',to_date('12/07/2009','dd/mm/yyyy'));
INSERT INTO		Lavoratore(cf, data_di_nascita, nome, cognome, secondo_nome, citta_residenza,data_assunzione)		VALUES('TIFULL96D14F839M',to_date('14/04/1996','dd/mm/yyyy'),'Crescentino','Assasanta',NULL,'Napoli',to_date('21/07/2007','dd/mm/yyyy'));
INSERT INTO		Lavoratore(cf, data_di_nascita, nome, cognome, secondo_nome, citta_residenza,data_assunzione)		VALUES('SABEAU94S57B905C',to_date('17/11/1994','dd/mm/yyyy'),'Lora','Lewis',NULL,'Casalnuovo',to_date('12/03/2007','dd/mm/yyyy'));
INSERT INTO		Lavoratore(cf, data_di_nascita, nome, cognome, secondo_nome, citta_residenza,data_assunzione)		VALUES('LAMIAI99S70F839M',to_date('30/11/1999','dd/mm/yyyy'),'Mina','Qlipa',NULL,'Napoli',to_date('12/04/2008','dd/mm/yyyy'));
INSERT INTO		Lavoratore(cf, data_di_nascita, nome, cognome, secondo_nome, citta_residenza,data_assunzione)		VALUES('LNEFNC98B18F839U',to_date('18/02/1998','dd/mm/yyyy'),'Francesco','Venga','Carino','Napoli',to_date('15/06/2006','dd/mm/yyyy'));
INSERT INTO		Lavoratore(cf, data_di_nascita, nome, cognome, secondo_nome, citta_residenza,data_assunzione)		VALUES('PANTSU99E14F352H',to_date('14/05/1999','dd/mm/yyyy'),'Antonio','Duro',NULL,'Mondragone',to_date('11/07/2008','dd/mm/yyyy'));
INSERT INTO		Lavoratore(cf, data_di_nascita, nome, cognome, secondo_nome, citta_residenza,data_assunzione)		VALUES('TCUPGR92C13F839H',to_date('13/03/1992','dd/mm/yyyy'),'Barba','Bianca',NULL,'Napoli',to_date('11/07/2012','dd/mm/yyyy'));
INSERT INTO		Lavoratore(cf, data_di_nascita, nome, cognome, secondo_nome, citta_residenza,data_assunzione)		VALUES('MSCRND93B12A783N',to_date('12/02/1993','dd/mm/yyyy'),'Orlando','Belluomo',NULL,'Benevento',to_date('11/07/2013','dd/mm/yyyy'));
INSERT INTO		Lavoratore(cf, data_di_nascita, nome, cognome, secondo_nome, citta_residenza,data_assunzione)		VALUES('YMINDN93A52A509B',to_date('12/01/1993','dd/mm/yyyy'),'Casini','Lucente',NULL,'Avellino',to_date('15/07/2017','dd/mm/yyyy'));
INSERT INTO		Lavoratore(cf, data_di_nascita, nome, cognome, secondo_nome, citta_residenza,data_assunzione)		VALUES('PLACEM92P51B905E',to_date('11/09/1992','dd/mm/yyyy'),'Campra','Sali',NULL,'Casalnuovo',to_date('19/07/2019','dd/mm/yyyy'));
INSERT INTO		Lavoratore(cf, data_di_nascita, nome, cognome, secondo_nome, citta_residenza,data_assunzione)		VALUES('RICSHI96P57F839F',to_date('17/09/1996','dd/mm/yyyy'),'Aura','Superiore',NULL,'Napoli',to_date('13/06/2012','dd/mm/yyyy'));
INSERT INTO		Lavoratore(cf, data_di_nascita, nome, cognome, secondo_nome, citta_residenza,data_assunzione)		VALUES('OFELEC92S17F839R',to_date('17/11/1992','dd/mm/yyyy'),'Vano','Antemio','Esse','Benevento',to_date('18/04/2006','dd/mm/yyyy'));
INSERT INTO		Lavoratore(cf, data_di_nascita, nome, cognome, secondo_nome, citta_residenza,data_assunzione)		VALUES('TDREAM91T58F839G',to_date('18/12/1991','dd/mm/yyyy'),'Ezra','Tranne',NULL,'Napoli',to_date('17/09/2012','dd/mm/yyyy'));
INSERT INTO		Lavoratore(cf, data_di_nascita, nome, cognome, secondo_nome, citta_residenza,data_assunzione)		VALUES('DOROBO91C22B905Y',to_date('22/03/1991','dd/mm/yyyy'),'Vous','Colma',NULL,'Casalnuovo',to_date('18/03/2009','dd/mm/yyyy'));
INSERT INTO		Lavoratore(cf, data_di_nascita, nome, cognome, secondo_nome, citta_residenza,data_assunzione)		VALUES('TEUIRH98B24F839X',to_date('24/02/1998','dd/mm/yyyy'),'Mario','Rossi',NULL,'Napoli',to_date('18/02/2014','dd/mm/yyyy'));
INSERT INTO		Lavoratore(cf, data_di_nascita, nome, cognome, secondo_nome, citta_residenza,data_assunzione)		VALUES('ONESIS94L12F839L',to_date('12/07/1994','dd/mm/yyyy'),'Kisame','Owari',NULL,'Napoli',to_date('19/02/2013','dd/mm/yyyy'));
INSERT INTO		Lavoratore(cf, data_di_nascita, nome, cognome, secondo_nome, citta_residenza,data_assunzione)		VALUES('SONA1N92E20A783Z',to_date('20/05/1992','dd/mm/yyyy'),'Lumina','Massima','Cori','Benevento',to_date('11/09/2012','dd/mm/yyyy'));
INSERT INTO		Lavoratore(cf, data_di_nascita, nome, cognome, secondo_nome, citta_residenza,data_assunzione)		VALUES('GAMIPE90B10A783V',to_date('10/02/1990','dd/mm/yyyy'),'Astraea','Loren',NULL,'Benevento',to_date('14/02/2015','dd/mm/yyyy'));
INSERT INTO		Lavoratore(cf, data_di_nascita, nome, cognome, secondo_nome, citta_residenza,data_assunzione)		VALUES('SHINME99B52A509N',to_date('12/02/1999','dd/mm/yyyy'),'Luca','De Fiori',NULL,'Avellino',to_date('18/03/2012','dd/mm/yyyy'));
INSERT INTO		Lavoratore(cf, data_di_nascita, nome, cognome, secondo_nome, citta_residenza,data_assunzione)		VALUES('MEGUMI94E30A783J',to_date('30/05/1994','dd/mm/yyyy'),'Gianni','Damio',NULL,'Benevento',to_date('24/12/2012','dd/mm/yyyy'));
INSERT INTO		Lavoratore(cf, data_di_nascita, nome, cognome, secondo_nome, citta_residenza,data_assunzione)		VALUES('ASUMIO94T55A783G',to_date('15/12/1994','dd/mm/yyyy'),'Fortuna','Viole',NULL,'Napoli',to_date('14/08/2011','dd/mm/yyyy'));
INSERT INTO		Lavoratore(cf, data_di_nascita, nome, cognome, secondo_nome, citta_residenza,data_assunzione)		VALUES('COLPEI89S13F839N',to_date('13/11/1989','dd/mm/yyyy'),'Vurpula','Possi','Salmo','Napoli',to_date('12/07/2011','dd/mm/yyyy'));
INSERT INTO		Lavoratore(cf, data_di_nascita, nome, cognome, secondo_nome, citta_residenza,data_assunzione)		VALUES('RRNRAS97T45A783X',to_date('05/12/1997','dd/mm/yyyy'),'Rosa','Curatrice','Giovannina','Benevento',to_date('18/06/2015','dd/mm/yyyy'));
INSERT INTO		Lavoratore(cf, data_di_nascita, nome, cognome, secondo_nome, citta_residenza,data_assunzione)		VALUES('PSSTOP98R66A509J',to_date('26/10/1998','dd/mm/yyyy'),'Eterna','Passione',NULL,'Avellino',to_date('12/04/2012','dd/mm/yyyy'));
INSERT INTO		Lavoratore(cf, data_di_nascita, nome, cognome, secondo_nome, citta_residenza,data_assunzione)		VALUES('OPLIAJ98D03A783K',to_date('03/04/1998','dd/mm/yyyy'),'Raini','Bosta',NULL,'Benevento',to_date('12/03/2012','dd/mm/yyyy'));
INSERT INTO		Lavoratore(cf, data_di_nascita, nome, cognome, secondo_nome, citta_residenza,data_assunzione)		VALUES('AGGIOP87L15B905J',to_date('15/07/1987','dd/mm/yyyy'),'Alma','Gest',NULL,'Casalnuovo',to_date('11/07/206','dd/mm/yyyy'));
INSERT INTO		Lavoratore(cf, data_di_nascita, nome, cognome, secondo_nome, citta_residenza,data_assunzione)		VALUES('NEMESS86L62F839Q',to_date('22/07/1996','dd/mm/yyyy'),'Saint','Cross',NULL,'Napoli',to_date('12/07/2007','dd/mm/yyyy'));
INSERT INTO		Lavoratore(cf, data_di_nascita, nome, cognome, secondo_nome, citta_residenza,data_assunzione)		VALUES('CREMAI92S17F839R',to_date('17/11/1992','dd/mm/yyyy'),'Bojack','Basi','Esse','Benevento',to_date('12/07/2018','dd/mm/yyyy'));
INSERT INTO		Lavoratore(cf, data_di_nascita, nome, cognome, secondo_nome, citta_residenza,data_assunzione)		VALUES('POISAA91T58F839G',to_date('18/12/1991','dd/mm/yyyy'),'Ezra','Vulinni',NULL,'Napoli',to_date('24/04/2008','dd/mm/yyyy'));
INSERT INTO		Lavoratore(cf, data_di_nascita, nome, cognome, secondo_nome, citta_residenza,data_assunzione)		VALUES('FOLIER91C22B905Y',to_date('22/03/1991','dd/mm/yyyy'),'Vaopiu','Cullmi',NULL,'Casalnuovo',to_date('10/07/2006','dd/mm/yyyy'));
INSERT INTO		Lavoratore(cf, data_di_nascita, nome, cognome, secondo_nome, citta_residenza,data_assunzione)		VALUES('CORAAL98B24F845X',to_date('24/02/1998','dd/mm/yyyy'),'Clone','Waslie',NULL,'Napoli',to_date('15/04/2009','dd/mm/yyyy'));
INSERT INTO		Lavoratore(cf, data_di_nascita, nome, cognome, secondo_nome, citta_residenza,data_assunzione)		VALUES('CORAAL98B24F839X',to_date('24/02/1998','dd/mm/yyyy'),'Claudio','Forma',NULL,'Napoli',to_date('15/04/2009','dd/mm/yyyy'));
INSERT INTO		Lavoratore(cf, data_di_nascita, nome, cognome, secondo_nome, citta_residenza,data_assunzione)		VALUES('ASUMIO94T55A7832',to_date('15/12/1994','dd/mm/yyyy'),'Fauna','Vuole',NULL,'Napoli',to_date('14/08/2011','dd/mm/yyyy'));
INSERT INTO		Lavoratore(cf, data_di_nascita, nome, cognome, secondo_nome, citta_residenza,data_assunzione)		VALUES('COLPEI89S13F8393',to_date('13/11/1989','dd/mm/yyyy'),'Voplia','Aossi','Salmo','Napoli',to_date('12/07/2011','dd/mm/yyyy'));
INSERT INTO		Lavoratore(cf, data_di_nascita, nome, cognome, secondo_nome, citta_residenza,data_assunzione)		VALUES('AAAAAA7M20F924C6',to_date('20/08/1997','dd/mm/yyyy'),'Minfilia','Miamataora','Calmi','Nola',to_date('15/07/2012','dd/mm/yyyy'));
INSERT INTO		Lavoratore(cf, data_di_nascita, nome, cognome, secondo_nome, citta_residenza,data_assunzione)		VALUES('ZZRLRR95H23B9058',to_date('23/06/1995','dd/mm/yyyy'),'Lapsia','Liluziana',NULL,'Casalnuovo',to_date('11/07/2012','dd/mm/yyyy'));
INSERT INTO		Lavoratore(cf, data_di_nascita, nome, cognome, secondo_nome, citta_residenza,data_assunzione)		VALUES('FRRCTR99S09F8399',to_date('09/11/1999','dd/mm/yyyy'),'Incredibile','Tiziorman',NULL,'Napoli',to_date('16/07/2011','dd/mm/yyyy'));
INSERT INTO		Lavoratore(cf, data_di_nascita, nome, cognome, secondo_nome, citta_residenza,data_assunzione)		VALUES('RRNRAS97T45A7838',to_date('05/12/1997','dd/mm/yyyy'),'Rosaspina','Io','Anima','Benevento',to_date('18/06/2015','dd/mm/yyyy'));
INSERT INTO		Lavoratore(cf, data_di_nascita, nome, cognome, secondo_nome, citta_residenza,data_assunzione)		VALUES('PSSTOP98R66A5097',to_date('26/10/1998','dd/mm/yyyy'),'Erna','Pane',NULL,'Avellino',to_date('12/04/2012','dd/mm/yyyy'));
INSERT INTO		Lavoratore(cf, data_di_nascita, nome, cognome, secondo_nome, citta_residenza,data_assunzione)		VALUES('NEMESS86L62F8392',to_date('22/07/1996','dd/mm/yyyy'),'Oppai','Cross',NULL,'Napoli',to_date('12/07/2007','dd/mm/yyyy'));
INSERT INTO		Lavoratore(cf, data_di_nascita, nome, cognome, secondo_nome, citta_residenza,data_assunzione)		VALUES('PPIOFI96D14F8391',to_date('14/04/1996','dd/mm/yyyy'),'Crescenzo','Lassala',NULL,'Napoli',to_date('12/07/2013','dd/mm/yyyy'));
INSERT INTO		Lavoratore(cf, data_di_nascita, nome, cognome, secondo_nome, citta_residenza,data_assunzione)		VALUES('ISERVE99S70F8396',to_date('30/11/1999','dd/mm/yyyy'),'Ernesto','Pippo',NULL,'Napoli',to_date('12/07/2008','dd/mm/yyyy'));
INSERT INTO		Lavoratore(cf, data_di_nascita, nome, cognome, secondo_nome, citta_residenza,data_assunzione)		VALUES('OPPIOM98B18F8395',to_date('18/02/1998','dd/mm/yyyy'),'Fra','Lollapalooza','Carino','Napoli',to_date('18/07/2007','dd/mm/yyyy'));
INSERT INTO		Lavoratore(cf, data_di_nascita, nome, cognome, secondo_nome, citta_residenza,data_assunzione)		VALUES('PSCOLS99E14F352D',to_date('14/05/1999','dd/mm/yyyy'),'Antonio','Tomorrowland',NULL,'Mondragone',to_date('12/07/2009','dd/mm/yyyy'));
INSERT INTO		Lavoratore(cf, data_di_nascita, nome, cognome, secondo_nome, citta_residenza,data_assunzione)		VALUES('CARINA92C13F8396',to_date('13/03/1992','dd/mm/yyyy'),'Pantoneo','Perfavore',NULL,'Napoli',to_date('12/07/2008','dd/mm/yyyy'));
INSERT INTO		Lavoratore(cf, data_di_nascita, nome, cognome, secondo_nome, citta_residenza,data_assunzione)		VALUES('MSCTRV93B12A783W',to_date('12/02/1993','dd/mm/yyyy'),'Orlando','Muniti',NULL,'Benevento',to_date('12/07/2006','dd/mm/yyyy'));
INSERT INTO		Lavoratore(cf, data_di_nascita, nome, cognome, secondo_nome, citta_residenza,data_assunzione)		VALUES('LCNCER93A52A509V',to_date('12/01/1993','dd/mm/yyyy'),'Chiaraluce','Lovente',NULL,'Avellino',to_date('12/08/2009','dd/mm/yyyy'));
INSERT INTO		Lavoratore(cf, data_di_nascita, nome, cognome, secondo_nome, citta_residenza,data_assunzione)		VALUES('CONTRA92P51B9053',to_date('11/09/1992','dd/mm/yyyy'),'Danila','Altobassi',NULL,'Casalnuovo',to_date('12/01/2008','dd/mm/yyyy'));
INSERT INTO		Lavoratore(cf, data_di_nascita, nome, cognome, secondo_nome, citta_residenza,data_assunzione)		VALUES('MONTRA96P57F8392',to_date('17/09/1996','dd/mm/yyyy'),'Auralauriam','Evo',NULL,'Napoli',to_date('12/07/2014','dd/mm/yyyy'));
INSERT INTO		Lavoratore(cf, data_di_nascita, nome, cognome, secondo_nome, citta_residenza,data_assunzione)		VALUES('CREMAI92S17F8395',to_date('17/11/1992','dd/mm/yyyy'),'Shinji','Salisuleva','Esse','Benevento',to_date('12/07/2018','dd/mm/yyyy'));
INSERT INTO		Lavoratore(cf, data_di_nascita, nome, cognome, secondo_nome, citta_residenza,data_assunzione)		VALUES('POISAA91T58F8399',to_date('18/12/1991','dd/mm/yyyy'),'Ezra','Scarlett',NULL,'Napoli',to_date('24/04/2008','dd/mm/yyyy'));
INSERT INTO		Lavoratore(cf, data_di_nascita, nome, cognome, secondo_nome, citta_residenza,data_assunzione)		VALUES('FOLIER91C22B9054',to_date('22/03/1991','dd/mm/yyyy'),'Vaopiu','Cullami',NULL,'Casalnuovo',to_date('10/07/2006','dd/mm/yyyy'));
INSERT INTO		Lavoratore(cf, data_di_nascita, nome, cognome, secondo_nome, citta_residenza,data_assunzione)		VALUES('CORAAL98B24F8453',to_date('24/02/1998','dd/mm/yyyy'),'Clone','Wars',NULL,'Napoli',to_date('15/04/2009','dd/mm/yyyy'));
INSERT INTO		Lavoratore(cf, data_di_nascita, nome, cognome, secondo_nome, citta_residenza,data_assunzione)		VALUES('CORAAL98B24F8394',to_date('24/02/1998','dd/mm/yyyy'),'Quiet','Boss',NULL,'Napoli',to_date('15/04/2009','dd/mm/yyyy'));
INSERT INTO		Lavoratore(cf, data_di_nascita, nome, cognome, secondo_nome, citta_residenza,data_assunzione)		VALUES('ECHDJ23CDJ32FNJ7',to_date('12/07/1994','dd/mm/yyyy'),'Solid','Snake',NULL,'Napoli',to_date('1/11/2005','dd/mm/yyyy'));
INSERT INTO		Lavoratore(cf, data_di_nascita, nome, cognome, secondo_nome, citta_residenza,data_assunzione)		VALUES('PCJBEBNSUE345FN5',to_date('20/05/1992','dd/mm/yyyy'),'Liquid','Snake','Cori','Benevento',to_date('12/05/2005','dd/mm/yyyy'));
INSERT INTO		Lavoratore(cf, data_di_nascita, nome, cognome, secondo_nome, citta_residenza,data_assunzione)		VALUES('KI214CNJEB3FJ4F6',to_date('10/02/1990','dd/mm/yyyy'),'Florence','Welch',NULL,'Benevento',to_date('13/06/2005','dd/mm/yyyy'));
INSERT INTO		Lavoratore(cf, data_di_nascita, nome, cognome, secondo_nome, citta_residenza,data_assunzione)		VALUES('CNJEI3DQBHJ3F4F5',to_date('12/02/1999','dd/mm/yyyy'),'Lauriam','Keyblade',NULL,'Avellino',to_date('17/04/2005','dd/mm/yyyy'));
INSERT INTO		Lavoratore(cf, data_di_nascita, nome, cognome, secondo_nome, citta_residenza,data_assunzione)		VALUES('JN43SK345FCBHJ24',to_date('30/05/1994','dd/mm/yyyy'),'Giacomo','Lalaland',NULL,'Benevento',to_date('30/05/2005','dd/mm/yyyy'));
INSERT INTO		Lavoratore(cf, data_di_nascita, nome, cognome, secondo_nome, citta_residenza,data_assunzione)		VALUES('CE34CS38YHDB3CS3',to_date('15/12/1994','dd/mm/yyyy'),'Vanna','Marco',NULL,'Napoli',to_date('12/07/2005','dd/mm/yyyy'));
INSERT INTO		Lavoratore(cf, data_di_nascita, nome, cognome, secondo_nome, citta_residenza,data_assunzione)		VALUES('NDJW3FNF4IFNJ4J2',to_date('13/11/1989','dd/mm/yyyy'),'Luke','Starkiller','Salmo','Napoli',to_date('12/07/2005','dd/mm/yyyy'));
INSERT INTO		Lavoratore(cf, data_di_nascita, nome, cognome, secondo_nome, citta_residenza,data_assunzione)		VALUES('CRTRND86R18F8392',to_date('18/10/1986','dd/mm/yyyy'),'Sfera','Grigio',NULL,'Napoli',to_date('12/07/2005','dd/mm/yyyy'));

INSERT INTO		Lavoratore(cf, data_di_nascita, nome, cognome, secondo_nome, citta_residenza,data_assunzione)		VALUES('UE9WFN39DH389HDJ',to_date('12/07/1982','dd/mm/yyyy'),'Martina','Lana',NULL,'Napoli',to_date('06/03/2004','dd/mm/yyyy'));
INSERT INTO		Lavoratore(cf, data_di_nascita, nome, cognome, secondo_nome, citta_residenza,data_assunzione)		VALUES('4RFJIR3O48JF398H',to_date('04/04/1992','dd/mm/yyyy'),'Cielo','Martire',NULL,'Caserta',to_date('01/12/2005','dd/mm/yyyy'));
INSERT INTO		Lavoratore(cf, data_di_nascita, nome, cognome, secondo_nome, citta_residenza,data_assunzione)		VALUES('CEUIWEU8338HDCN8',to_date('04/04/1992','dd/mm/yyyy'),'Martina','Ferrara',NULL,'Avellino',to_date('01/02/2006','dd/mm/yyyy'));
INSERT INTO		Lavoratore(cf, data_di_nascita, nome, cognome, secondo_nome, citta_residenza,data_assunzione)		VALUES('3827DB328DHDHDH7',to_date('04/04/1992','dd/mm/yyyy'),'Marco','Ferrara',NULL,'Roma',to_date('21/10/2005','dd/mm/yyyy'));
INSERT INTO		Lavoratore(cf, data_di_nascita, nome, cognome, secondo_nome, citta_residenza,data_assunzione)		VALUES('283DH3D37D823DHJ',to_date('04/04/1992','dd/mm/yyyy'),'Mia','Fanna',NULL,'Milano',to_date('31/10/2003','dd/mm/yyyy'));
INSERT INTO		Lavoratore(cf, data_di_nascita, nome, cognome, secondo_nome, citta_residenza,data_assunzione)		VALUES('2I3UDH382983DHHD',to_date('04/04/1992','dd/mm/yyyy'),'Medea','Orega',NULL,'Napoli',to_date('21/10/2004','dd/mm/yyyy'));
INSERT INTO		Lavoratore(cf, data_di_nascita, nome, cognome, secondo_nome, citta_residenza,data_assunzione)		VALUES('237D8H3283DH3UI2',to_date('04/04/1992','dd/mm/yyyy'),'Circe','Kansas',NULL,'Milano',to_date('11/10/2003','dd/mm/yyyy'));
INSERT INTO		Lavoratore(cf, data_di_nascita, nome, cognome, secondo_nome, citta_residenza,data_assunzione)		VALUES('2938DH3D38DUUU8J',to_date('04/04/1991','dd/mm/yyyy'),'Cesira','Chisa',NULL,'Napoli',to_date('11/10/2006','dd/mm/yyyy'));
INSERT INTO		Lavoratore(cf, data_di_nascita, nome, cognome, secondo_nome, citta_residenza,data_assunzione)		VALUES('2938DH3UDH2JI238',to_date('04/04/1991','dd/mm/yyyy'),'Ciro','Conye',NULL,'Roma',to_date('21/10/2007','dd/mm/yyyy'));
INSERT INTO		Lavoratore(cf, data_di_nascita, nome, cognome, secondo_nome, citta_residenza,data_assunzione)		VALUES('2938DH23DJ3298J3',to_date('04/04/1991','dd/mm/yyyy'),'Cinnamon','Gazza',NULL,'Roma',to_date('13/10/2004','dd/mm/yyyy'));
INSERT INTO		Lavoratore(cf, data_di_nascita, nome, cognome, secondo_nome, citta_residenza,data_assunzione)		VALUES('2938DHJ3D2938DJJ',to_date('04/04/1991','dd/mm/yyyy'),'Bella','Ylia',NULL,'Roma',to_date('13/10/2008','dd/mm/yyyy'));
INSERT INTO		Lavoratore(cf, data_di_nascita, nome, cognome, secondo_nome, citta_residenza,data_assunzione)		VALUES('239DH3293DJ2389J',to_date('04/04/1999','dd/mm/yyyy'),'Esmeralda','Boela',NULL,'Roma',to_date('14/10/2004','dd/mm/yyyy'));
INSERT INTO		Lavoratore(cf, data_di_nascita, nome, cognome, secondo_nome, citta_residenza,data_assunzione)		VALUES('9238DH3JD293DM38',to_date('04/04/1989','dd/mm/yyyy'),'Ulrica','Giua',NULL,'Roma',to_date('14/10/2003','dd/mm/yyyy'));
INSERT INTO		Lavoratore(cf, data_di_nascita, nome, cognome, secondo_nome, citta_residenza,data_assunzione)		VALUES('823DH3UJDIO238HD',to_date('04/04/1989','dd/mm/yyyy'),'Emet','Selch',NULL,'Roma',to_date('15/10/2006','dd/mm/yyyy'));
INSERT INTO		Lavoratore(cf, data_di_nascita, nome, cognome, secondo_nome, citta_residenza,data_assunzione)		VALUES('2398DHJ3D23JDD28',to_date('04/04/1989','dd/mm/yyyy'),'Claudia','Cammino',NULL,'Roma',to_date('26/9/2006','dd/mm/yyyy'));
INSERT INTO		Lavoratore(cf, data_di_nascita, nome, cognome, secondo_nome, citta_residenza,data_assunzione)		VALUES('9238DHJ3D32DJK22',to_date('24/07/1989','dd/mm/yyyy'),'Corsica','Guyaa',NULL,'Roma',to_date('06/9/2006','dd/mm/yyyy'));
INSERT INTO		Lavoratore(cf, data_di_nascita, nome, cognome, secondo_nome, citta_residenza,data_assunzione)		VALUES('9283DJ23DK39283J',to_date('24/07/1989','dd/mm/yyyy'),'ItaliA','Oliama',NULL,'Roma',to_date('17/9/2004','dd/mm/yyyy'));
INSERT INTO		Lavoratore(cf, data_di_nascita, nome, cognome, secondo_nome, citta_residenza,data_assunzione)		VALUES('2398DJJ2QQKW38DJ',to_date('24/07/1989','dd/mm/yyyy'),'Europa','Vaisia',NULL,'Roma',to_date('18/9/2003','dd/mm/yyyy'));
INSERT INTO		Lavoratore(cf, data_di_nascita, nome, cognome, secondo_nome, citta_residenza,data_assunzione)		VALUES('2938DJ23DJ329832',to_date('24/07/1989','dd/mm/yyyy'),'Tempesta','Ytjaa',NULL,'Roma',to_date('18/9/2002','dd/mm/yyyy'));
INSERT INTO		Lavoratore(cf, data_di_nascita, nome, cognome, secondo_nome, citta_residenza,data_assunzione)		VALUES('283DH3293JD2K093',to_date('24/07/1989','dd/mm/yyyy'),'Torre','Piano',NULL,'Roma',to_date('14/9/2007','dd/mm/yyyy'));
INSERT INTO		Lavoratore(cf, data_di_nascita, nome, cognome, secondo_nome, citta_residenza,data_assunzione)		VALUES('23UDJ3I29832DK99',to_date('24/07/1989','dd/mm/yyyy'),'Sana','Senza',NULL,'Roma',to_date('13/9/2008','dd/mm/yyyy'));
INSERT INTO		Lavoratore(cf, data_di_nascita, nome, cognome, secondo_nome, citta_residenza,data_assunzione)		VALUES('2398DJ239DH2398D',to_date('24/07/1989','dd/mm/yyyy'),'Sonia','Iuhklo',NULL,'Napoli',to_date('13/9/2007','dd/mm/yyyy'));
INSERT INTO		Lavoratore(cf, data_di_nascita, nome, cognome, secondo_nome, citta_residenza,data_assunzione)		VALUES('238DJ23ID9H3298J',to_date('24/12/1990','dd/mm/yyyy'),'Carsio','Fede',NULL,'Napoli',to_date('14/9/2005','dd/mm/yyyy'));
INSERT INTO		Lavoratore(cf, data_di_nascita, nome, cognome, secondo_nome, citta_residenza,data_assunzione)		VALUES('9238DJ3DI23DH3UU',to_date('24/12/1990','dd/mm/yyyy'),'Curva','Tyu',NULL,'Napoli',to_date('15/9/2003','dd/mm/yyyy'));
INSERT INTO		Lavoratore(cf, data_di_nascita, nome, cognome, secondo_nome, citta_residenza,data_assunzione)		VALUES('238DJ3I23D8293DU',to_date('24/12/1990','dd/mm/yyyy'),'Alma','Jioa',NULL,'Napoli',to_date('15/9/2003','dd/mm/yyyy'));
INSERT INTO		Lavoratore(cf, data_di_nascita, nome, cognome, secondo_nome, citta_residenza,data_assunzione)		VALUES('23DUH32IDU37DH3U',to_date('24/12/1990','dd/mm/yyyy'),'Otre','Smash',NULL,'Benevento',to_date('16/9/2003','dd/mm/yyyy'));
INSERT INTO		Lavoratore(cf, data_di_nascita, nome, cognome, secondo_nome, citta_residenza,data_assunzione)		VALUES('2938DJ2I3D3289JJ',to_date('24/12/1990','dd/mm/yyyy'),'Milo','Uliaa',NULL,'Benevento',to_date('16/9/2003','dd/mm/yyyy'));
INSERT INTO		Lavoratore(cf, data_di_nascita, nome, cognome, secondo_nome, citta_residenza,data_assunzione)		VALUES('9238DJ3I2O3DJIOI',to_date('24/12/1990','dd/mm/yyyy'),'Cara','Iride',NULL,'Benevento',to_date('16/9/2006','dd/mm/yyyy'));	
INSERT INTO		Lavoratore(cf, data_di_nascita, nome, cognome, secondo_nome, citta_residenza,data_assunzione)		VALUES('238DJ3DI3H23JO2I',to_date('24/12/1990','dd/mm/yyyy'),'Iniva','Fine',NULL,'Benevento',to_date('17/9/2007','dd/mm/yyyy'));
INSERT INTO		Lavoratore(cf, data_di_nascita, nome, cognome, secondo_nome, citta_residenza,data_assunzione)		VALUES('9238DJ32IO3JD23J',to_date('24/12/1990','dd/mm/yyyy'),'Inosue','Oliaax',NULL,'Benevento',to_date('17/9/2007','dd/mm/yyyy'));
INSERT INTO		Lavoratore(cf, data_di_nascita, nome, cognome, secondo_nome, citta_residenza,data_assunzione)		VALUES('23IDJ32DH32I2UHU',to_date('24/12/1990','dd/mm/yyyy'),'Erra','Trevor',NULL,'Benevento',to_date('19/9/2008','dd/mm/yyyy'));
INSERT INTO		Lavoratore(cf, data_di_nascita, nome, cognome, secondo_nome, citta_residenza,data_assunzione)		VALUES('2938DH32UIDH32IH',to_date('24/05/1990','dd/mm/yyyy'),'Salvo','Vendiao',NULL,'Benevento',to_date('15/9/2004','dd/mm/yyyy'));
INSERT INTO		Lavoratore(cf, data_di_nascita, nome, cognome, secondo_nome, citta_residenza,data_assunzione)		VALUES('2938DH23UDIH23UD',to_date('24/05/1990','dd/mm/yyyy'),'Lume','Divino',NULL,'Benevento',to_date('15/9/2003','dd/mm/yyyy'));
INSERT INTO		Lavoratore(cf, data_di_nascita, nome, cognome, secondo_nome, citta_residenza,data_assunzione)		VALUES('2938DJ3DJ2U3IHDH',to_date('24/05/1990','dd/mm/yyyy'),'Castra','Etsa',NULL,'Benevento',to_date('15/9/2003','dd/mm/yyyy'));
INSERT INTO		Lavoratore(cf, data_di_nascita, nome, cognome, secondo_nome, citta_residenza,data_assunzione)		VALUES('23UDH23IDU32DBDH',to_date('24/05/1990','dd/mm/yyyy'),'Crea','Iside',NULL,'Benevento',to_date('15/8/2004','dd/mm/yyyy'));
INSERT INTO		Lavoratore(cf, data_di_nascita, nome, cognome, secondo_nome, citta_residenza,data_assunzione)		VALUES('2I3DH23D893DHUHD',to_date('24/05/1990','dd/mm/yyyy'),'Calsio','Irida',NULL,'Benevento',to_date('15/8/2005','dd/mm/yyyy'));
INSERT INTO		Lavoratore(cf, data_di_nascita, nome, cognome, secondo_nome, citta_residenza,data_assunzione)		VALUES('23UD8H2389DJDJQH',to_date('24/05/1990','dd/mm/yyyy'),'Corallo','Iridu',NULL,'Benevento',to_date('04/8/2007','dd/mm/yyyy'));
INSERT INTO		Lavoratore(cf, data_di_nascita, nome, cognome, secondo_nome, citta_residenza,data_assunzione)		VALUES('9238DH3UIUHD3U2H',to_date('24/05/1990','dd/mm/yyyy'),'Iumino','Enkidu',NULL,'Benevento',to_date('03/8/2007','dd/mm/yyyy'));
INSERT INTO		Lavoratore(cf, data_di_nascita, nome, cognome, secondo_nome, citta_residenza,data_assunzione)		VALUES('2938DH2U3IDH3UDH',to_date('24/05/1990','dd/mm/yyyy'),'Noumeno','Lossa',NULL,'Benevento',to_date('03/8/2007','dd/mm/yyyy'));
INSERT INTO		Lavoratore(cf, data_di_nascita, nome, cognome, secondo_nome, citta_residenza,data_assunzione)		VALUES('HDU3I23DH3U2I98U',to_date('24/05/1993','dd/mm/yyyy'),'Stoico','Vafda',NULL,'Benevento',to_date('02/8/2008','dd/mm/yyyy'));
INSERT INTO		Lavoratore(cf, data_di_nascita, nome, cognome, secondo_nome, citta_residenza,data_assunzione)		VALUES('DH3U2938DU32JDJJ',to_date('24/05/1993','dd/mm/yyyy'),'Classico','Shadowbringers',NULL,'Benevento',to_date('26/8/2009','dd/mm/yyyy'));
INSERT INTO		Lavoratore(cf, data_di_nascita, nome, cognome, secondo_nome, citta_residenza,data_assunzione)		VALUES('23JHDBH32IUD2UHD',to_date('22/05/1993','dd/mm/yyyy'),'Asskani','Heavensward',NULL,'Benevento',to_date('06/8/2003','dd/mm/yyyy'));
INSERT INTO		Lavoratore(cf, data_di_nascita, nome, cognome, secondo_nome, citta_residenza,data_assunzione)		VALUES('23IUDH23UIDH3NDU',to_date('22/05/1993','dd/mm/yyyy'),'Ffaram','Stormblood',NULL,'Benevento',to_date('04/8/2004','dd/mm/yyyy'));
INSERT INTO		Lavoratore(cf, data_di_nascita, nome, cognome, secondo_nome, citta_residenza,data_assunzione)		VALUES('2I3UDH32D3JID23U',to_date('22/05/1993','dd/mm/yyyy'),'Foglia','Into',NULL,'Benevento',to_date('04/8/2005','dd/mm/yyyy'));
INSERT INTO		Lavoratore(cf, data_di_nascita, nome, cognome, secondo_nome, citta_residenza,data_assunzione)		VALUES('3IUDH2DDN2J3IU2U',to_date('22/05/1993','dd/mm/yyyy'),'Fulgida','The',NULL,'Benevento',to_date('06/8/2005','dd/mm/yyyy'));
INSERT INTO		Lavoratore(cf, data_di_nascita, nome, cognome, secondo_nome, citta_residenza,data_assunzione)		VALUES('I23UDH3UI2UHU3D3',to_date('22/05/1993','dd/mm/yyyy'),'Reman','Unkown',NULL,'Benevento',to_date('08/8/2006','dd/mm/yyyy')) ;
INSERT INTO		Lavoratore(cf, data_di_nascita, nome, cognome, secondo_nome, citta_residenza,data_assunzione)		VALUES('2I3UDH3U238DH328',to_date('22/05/1993','dd/mm/yyyy'),'Giostra','Forza',NULL,'Benevento',to_date('09/8/2006','dd/mm/yyyy'));
INSERT INTO		Lavoratore(cf, data_di_nascita, nome, cognome, secondo_nome, citta_residenza,data_assunzione)		VALUES('238DH3298DH3828H',to_date('22/07/1993','dd/mm/yyyy'),'Olga','Fine',NULL,'Benevento',to_date('25/8/2006','dd/mm/yyyy'));
INSERT INTO		Lavoratore(cf, data_di_nascita, nome, cognome, secondo_nome, citta_residenza,data_assunzione)		VALUES('2I3UDH38293DJ388',to_date('22/07/1993','dd/mm/yyyy'),'Etra','Polka',NULL,'Benevento',to_date('27/8/2006','dd/mm/yyyy'));
INSERT INTO		Lavoratore(cf, data_di_nascita, nome, cognome, secondo_nome, citta_residenza,data_assunzione)		VALUES('2I3DH238923DH289',to_date('22/07/1993','dd/mm/yyyy'),'Ostia','Piana',NULL,'Benevento',to_date('29/8/2005','dd/mm/yyyy'));
INSERT INTO		Lavoratore(cf, data_di_nascita, nome, cognome, secondo_nome, citta_residenza,data_assunzione)		VALUES('23DH8293DH32J809',to_date('22/07/1993','dd/mm/yyyy'),'Kurama','Essere',NULL,'Benevento',to_date('27/8/2006','dd/mm/yyyy'));
INSERT INTO		Lavoratore(cf, data_di_nascita, nome, cognome, secondo_nome, citta_residenza,data_assunzione)		VALUES('UD83923D8H3DJ832',to_date('22/06/1993','dd/mm/yyyy'),'Esiste','Quiza',NULL,'Benevento',to_date('25/8/2005','dd/mm/yyyy'));
INSERT INTO		Lavoratore(cf, data_di_nascita, nome, cognome, secondo_nome, citta_residenza,data_assunzione)		VALUES('9238DJ3DD3JD2JDN',to_date('22/06/1993','dd/mm/yyyy'),'Ikari','Giza',NULL,'Benevento',to_date('23/8/2005','dd/mm/yyyy'));
INSERT INTO		Lavoratore(cf, data_di_nascita, nome, cognome, secondo_nome, citta_residenza,data_assunzione)		VALUES('9D3JDIQOWJD38299',to_date('22/06/1993','dd/mm/yyyy'),'Colto','Jia',NULL,'Benevento',to_date('12/8/2007','dd/mm/yyyy'));
INSERT INTO		Lavoratore(cf, data_di_nascita, nome, cognome, secondo_nome, citta_residenza,data_assunzione)		VALUES('2983DHJQWDHU23HH',to_date('22/06/1993','dd/mm/yyyy'),'Trama','Assasse',NULL,'Benevento',to_date('13/8/2007','dd/mm/yyyy'));
INSERT INTO		Lavoratore(cf, data_di_nascita, nome, cognome, secondo_nome, citta_residenza,data_assunzione)		VALUES('2983DJ23DJ23IODH',to_date('22/06/1993','dd/mm/yyyy'),'Tustia','Sulia',NULL,'Benevento',to_date('14/8/2006','dd/mm/yyyy'));
INSERT INTO		Lavoratore(cf, data_di_nascita, nome, cognome, secondo_nome, citta_residenza,data_assunzione)		VALUES('298WJD2893DH8299',to_date('22/06/1993','dd/mm/yyyy'),'Viali','Sorgente',NULL,'Napoli',to_date('15/8/2007','dd/mm/yyyy'));
INSERT INTO		Lavoratore(cf, data_di_nascita, nome, cognome, secondo_nome, citta_residenza,data_assunzione)		VALUES('DHUDBEDN38923DHD',to_date('22/06/1993','dd/mm/yyyy'),'Vienna','Costa',NULL,'Napoli',to_date('16/12/2008','dd/mm/yyyy'));
INSERT INTO		Lavoratore(cf, data_di_nascita, nome, cognome, secondo_nome, citta_residenza,data_assunzione)		VALUES('D329IO3JD2983JDD',to_date('22/06/1993','dd/mm/yyyy'),'Lumina','Fabbri',NULL,'Napoli',to_date('17/12/2008','dd/mm/yyyy'));
INSERT INTO		Lavoratore(cf, data_di_nascita, nome, cognome, secondo_nome, citta_residenza,data_assunzione)		VALUES('23UDH3I2D23728HD',to_date('22/06/1993','dd/mm/yyyy'),'Loise','Forgia',NULL,'Napoli',to_date('18/12/2008','dd/mm/yyyy'));
INSERT INTO		Lavoratore(cf, data_di_nascita, nome, cognome, secondo_nome, citta_residenza,data_assunzione)		VALUES('DHU323IU2H38D3DH',to_date('22/06/1993','dd/mm/yyyy'),'Finta','Fultia',NULL,'Napoli',to_date('19/12/2003','dd/mm/yyyy'));
INSERT INTO		Lavoratore(cf, data_di_nascita, nome, cognome, secondo_nome, citta_residenza,data_assunzione)		VALUES('DH2UI3U28D3JDM3I',to_date('22/06/1993','dd/mm/yyyy'),'Fulmina','Kiaska',NULL,'Napoli',to_date('12/12/2003','dd/mm/yyyy'));
INSERT INTO		Lavoratore(cf, data_di_nascita, nome, cognome, secondo_nome, citta_residenza,data_assunzione)		VALUES('DH38293DJ23DH33U',to_date('22/06/1996','dd/mm/yyyy'),'Pontias','Corto',NULL,'Napoli',to_date('13/12/2002','dd/mm/yyyy'));
INSERT INTO		Lavoratore(cf, data_di_nascita, nome, cognome, secondo_nome, citta_residenza,data_assunzione)		VALUES('238D23DUI23DHHD8',to_date('22/06/1996','dd/mm/yyyy'),'Tristano','Triava',NULL,'Napoli',to_date('14/12/2003','dd/mm/yyyy'));
INSERT INTO		Lavoratore(cf, data_di_nascita, nome, cognome, secondo_nome, citta_residenza,data_assunzione)		VALUES('2I3DH238D923DJIJ',to_date('26/06/1996','dd/mm/yyyy'),'Isotta','Trema',NULL,'Napoli',to_date('15/12/2003','dd/mm/yyyy'));
INSERT INTO		Lavoratore(cf, data_di_nascita, nome, cognome, secondo_nome, citta_residenza,data_assunzione)		VALUES('2938DU32IDH3IUDH',to_date('26/06/1996','dd/mm/yyyy'),'Vercingetorige','Gyerra',NULL,'Milano',to_date('16/12/2004','dd/mm/yyyy'));
INSERT INTO		Lavoratore(cf, data_di_nascita, nome, cognome, secondo_nome, citta_residenza,data_assunzione)		VALUES('2398DH32HDU28392',to_date('26/06/1996','dd/mm/yyyy'),'Lio','Sierra',NULL,'Milano',to_date('17/12/2004','dd/mm/yyyy'));
INSERT INTO		Lavoratore(cf, data_di_nascita, nome, cognome, secondo_nome, citta_residenza,data_assunzione)		VALUES('2938DH23DH329H8D',to_date('26/06/1996','dd/mm/yyyy'),'Eterea','Dolcezza',NULL,'Milano',to_date('17/12/2004','dd/mm/yyyy'));
INSERT INTO		Lavoratore(cf, data_di_nascita, nome, cognome, secondo_nome, citta_residenza,data_assunzione)		VALUES('I23UDH3UD2IHDU32',to_date('26/06/1996','dd/mm/yyyy'),'Lume','Distante',NULL,'Milano',to_date('18/12/2007','dd/mm/yyyy'));
INSERT INTO		Lavoratore(cf, data_di_nascita, nome, cognome, secondo_nome, citta_residenza,data_assunzione)		VALUES('2938DH32IUD23H32',to_date('26/06/1996','dd/mm/yyyy'),'Jura','Osia',NULL,'Milano',to_date('21/12/2007','dd/mm/yyyy'));
INSERT INTO		Lavoratore(cf, data_di_nascita, nome, cognome, secondo_nome, citta_residenza,data_assunzione)		VALUES('2938DJ2I3DH3DH2I',to_date('26/06/1996','dd/mm/yyyy'),'Dia','Danzante',NULL,'Milano',to_date('24/12/2007','dd/mm/yyyy'));
INSERT INTO		Lavoratore(cf, data_di_nascita, nome, cognome, secondo_nome, citta_residenza,data_assunzione)		VALUES('9238DH32UIDU3DDH',to_date('26/06/1996','dd/mm/yyyy'),'Eclipse','Nonnia',NULL,'Milano',to_date('30/12/2005','dd/mm/yyyy'));
INSERT INTO		Lavoratore(cf, data_di_nascita, nome, cognome, secondo_nome, citta_residenza,data_assunzione)		VALUES('2938DH3U2DIHD722',to_date('26/06/1996','dd/mm/yyyy'),'Prince','Turca',NULL,'Milano',to_date('12/12/2005','dd/mm/yyyy'));
INSERT INTO		Lavoratore(cf, data_di_nascita, nome, cognome, secondo_nome, citta_residenza,data_assunzione)		VALUES('2938DH3U2D2U3HDH',to_date('26/06/1996','dd/mm/yyyy'),'Olga','Possuma',NULL,'Milano',to_date('12/12/2005','dd/mm/yyyy'));
INSERT INTO		Lavoratore(cf, data_di_nascita, nome, cognome, secondo_nome, citta_residenza,data_assunzione)		VALUES('2387DH23UID2872D',to_date('26/06/1996','dd/mm/yyyy'),'Gainax','Anime',NULL,'Milano',to_date('11/12/2005','dd/mm/yyyy'));
INSERT INTO		Lavoratore(cf, data_di_nascita, nome, cognome, secondo_nome, citta_residenza,data_assunzione)		VALUES('DNCHEU2EY23DUH2N',to_date('26/06/1996','dd/mm/yyyy'),'Kore','Diabolo',NULL,'Milano',to_date('13/12/2005','dd/mm/yyyy'));
INSERT INTO		Lavoratore(cf, data_di_nascita, nome, cognome, secondo_nome, citta_residenza,data_assunzione)		VALUES('23UDN3DB3YDHDU38',to_date('26/03/1996','dd/mm/yyyy'),'Wa','Doppio',NULL,'Milano',to_date('14/12/2005','dd/mm/yyyy'));
INSERT INTO		Lavoratore(cf, data_di_nascita, nome, cognome, secondo_nome, citta_residenza,data_assunzione)		VALUES('DU3IDH23UDHIUHHD',to_date('26/03/1996','dd/mm/yyyy'),'Shirenda','Polnareff',NULL,'Milano',to_date('15/12/2005','dd/mm/yyyy'));
INSERT INTO		Lavoratore(cf, data_di_nascita, nome, cognome, secondo_nome, citta_residenza,data_assunzione)		VALUES('2938DHU3D37HDUH3',to_date('26/03/1996','dd/mm/yyyy'),'Fiuso','Finale',NULL,'Milano',to_date('13/12/2005','dd/mm/yyyy'));
INSERT INTO		Lavoratore(cf, data_di_nascita, nome, cognome, secondo_nome, citta_residenza,data_assunzione)		VALUES('DHU2I3DH2U3IDHDU',to_date('26/03/1996','dd/mm/yyyy'),'Falda','Kiasa',NULL,'Milano',to_date('30/12/2005','dd/mm/yyyy'));
INSERT INTO		Lavoratore(cf, data_di_nascita, nome, cognome, secondo_nome, citta_residenza,data_assunzione)		VALUES('DHU32I3DH23UDHHD',to_date('26/03/1996','dd/mm/yyyy'),'Forma','Kesa',NULL,'Milano',to_date('12/12/2005','dd/mm/yyyy'));
INSERT INTO		Lavoratore(cf, data_di_nascita, nome, cognome, secondo_nome, citta_residenza,data_assunzione)		VALUES('DHU32I3DH2I3UDHD',to_date('26/03/1996','dd/mm/yyyy'),'Track','Lama',NULL,'Milano',to_date('30/12/2005','dd/mm/yyyy'));
INSERT INTO		Lavoratore(cf, data_di_nascita, nome, cognome, secondo_nome, citta_residenza,data_assunzione)		VALUES('2387DHU32ID23DHD',to_date('26/03/1996','dd/mm/yyyy'),'Renton','Potria',NULL,'Milano',to_date('25/12/2005','dd/mm/yyyy'));
INSERT INTO		Lavoratore(cf, data_di_nascita, nome, cognome, secondo_nome, citta_residenza,data_assunzione)		VALUES('237DHU32IDHU32ID',to_date('26/03/1996','dd/mm/yyyy'),'Eureka','Boas',NULL,'Milano',to_date('14/12/2005','dd/mm/yyyy'));
INSERT INTO		Lavoratore(cf, data_di_nascita, nome, cognome, secondo_nome, citta_residenza,data_assunzione)		VALUES('DHU2I3DH23UD2DHH',to_date('26/03/1996','dd/mm/yyyy'),'Loax','Java',NULL,'Milano',to_date('11/7/2005','dd/mm/yyyy'));
INSERT INTO		Lavoratore(cf, data_di_nascita, nome, cognome, secondo_nome, citta_residenza,data_assunzione)		VALUES('DHU2I3DH23UDH3HD',to_date('26/03/1996','dd/mm/yyyy'),'Olia','Tremante',NULL,'Napoli',to_date('12/7/2005','dd/mm/yyyy'));
INSERT INTO		Lavoratore(cf, data_di_nascita, nome, cognome, secondo_nome, citta_residenza,data_assunzione)		VALUES('DHUI23DH32IDH3HH',to_date('26/11/1996','dd/mm/yyyy'),'Firaga','Danzante',NULL,'Napoli',to_date('23/7/2005','dd/mm/yyyy'));
INSERT INTO		Lavoratore(cf, data_di_nascita, nome, cognome, secondo_nome, citta_residenza,data_assunzione)		VALUES('23IUDH2I3DH23UHD',to_date('26/11/1996','dd/mm/yyyy'),'Suryiudan','Jutsu',NULL,'Napoli',to_date('25/7/2005','dd/mm/yyyy'));
INSERT INTO		Lavoratore(cf, data_di_nascita, nome, cognome, secondo_nome, citta_residenza,data_assunzione)		VALUES('23DUH23DH3UDHDU2',to_date('26/11/1996','dd/mm/yyyy'),'Jiteinsha','Ramen',NULL,'Napoli',to_date('04/5/2005','dd/mm/yyyy'));
INSERT INTO		Lavoratore(cf, data_di_nascita, nome, cognome, secondo_nome, citta_residenza,data_assunzione)		VALUES('2IU3DH23IDH3U2HD',to_date('26/11/1992','dd/mm/yyyy'),'Fantasia','Oblivion',NULL,'Napoli',to_date('08/5/2005','dd/mm/yyyy'));
INSERT INTO		Lavoratore(cf, data_di_nascita, nome, cognome, secondo_nome, citta_residenza,data_assunzione)		VALUES('2I3UD2H3UDH23HDD',to_date('26/04/1992','dd/mm/yyyy'),'Sale','Etre',NULL,'Napoli',to_date('07/5/2005','dd/mm/yyyy'));
INSERT INTO		Lavoratore(cf, data_di_nascita, nome, cognome, secondo_nome, citta_residenza,data_assunzione)		VALUES('I23UDH23DUH32DDH',to_date('29/04/1992','dd/mm/yyyy'),'Sia','Candeliere',NULL,'Umbria',to_date('06/5/2007','dd/mm/yyyy'));
INSERT INTO		Lavoratore(cf, data_di_nascita, nome, cognome, secondo_nome, citta_residenza,data_assunzione)		VALUES('3I2UDHU23DH23782',to_date('29/04/1992','dd/mm/yyyy'),'Sono','Joestar',NULL,'Umbria',to_date('03/5/2007','dd/mm/yyyy'));
INSERT INTO		Lavoratore(cf, data_di_nascita, nome, cognome, secondo_nome, citta_residenza,data_assunzione)		VALUES('I2U3DHU23DHUD28H',to_date('29/04/1992','dd/mm/yyyy'),'Chi','Joestar',NULL,'Umbria',to_date('02/5/2007','dd/mm/yyyy'));
INSERT INTO		Lavoratore(cf, data_di_nascita, nome, cognome, secondo_nome, citta_residenza,data_assunzione)		VALUES('23DI23DH3U2IU3DH',to_date('29/04/1992','dd/mm/yyyy'),'No','Giovanna',NULL,'Umbria',to_date('05/5/2007','dd/mm/yyyy'));
INSERT INTO		Lavoratore(cf, data_di_nascita, nome, cognome, secondo_nome, citta_residenza,data_assunzione)		VALUES('23UJIDH2UI3DH23I',to_date('29/04/1992','dd/mm/yyyy'),'Sa','Higashikata',NULL,'Umbria',to_date('06/5/2007','dd/mm/yyyy'));
INSERT INTO		Lavoratore(cf, data_di_nascita, nome, cognome, secondo_nome, citta_residenza,data_assunzione)		VALUES('2IO3DH23U23DH3DH',to_date('29/04/1992','dd/mm/yyyy'),'Da','Kujo',NULL,'Umbria',to_date('06/5/2008','dd/mm/yyyy'));
INSERT INTO		Lavoratore(cf, data_di_nascita, nome, cognome, secondo_nome, citta_residenza,data_assunzione)		VALUES('2I3UDHU3DH23U7HU',to_date('29/04/1992','dd/mm/yyyy'),'Me','Kujoh',NULL,'Umbria',to_date('06/5/2008','dd/mm/yyyy'));
INSERT INTO		Lavoratore(cf, data_di_nascita, nome, cognome, secondo_nome, citta_residenza,data_assunzione)		VALUES('2I3DHU237D23UDIB',to_date('29/04/1992','dd/mm/yyyy'),'Joooooo','Joestar',NULL,'Umbria',to_date('25/7/2008','dd/mm/yyyy'));
INSERT INTO		Lavoratore(cf, data_di_nascita, nome, cognome, secondo_nome, citta_residenza,data_assunzione)		VALUES('WIEUH37W8EUHWIEI',to_date('29/11/1992','dd/mm/yyyy'),'Joooooo','Joestar',NULL,'Umbria',to_date('25/7/2004','dd/mm/yyyy'));
INSERT INTO		Lavoratore(cf, data_di_nascita, nome, cognome, secondo_nome, citta_residenza,data_assunzione)		VALUES('EWIUCHC7EHFEUIWH',to_date('29/11/1992','dd/mm/yyyy'),'Are','Kiritsugu',NULL,'Napoli',to_date('24/7/2004','dd/mm/yyyy'));
INSERT INTO		Lavoratore(cf, data_di_nascita, nome, cognome, secondo_nome, citta_residenza,data_assunzione)		VALUES('WIEU7E3UHFDEWIUH',to_date('29/11/1992','dd/mm/yyyy'),'Wa','Loare',NULL,'Napoli',to_date('22/7/2005','dd/mm/yyyy'));
INSERT INTO		Lavoratore(cf, data_di_nascita, nome, cognome, secondo_nome, citta_residenza,data_assunzione)		VALUES('WEUCHEW78E33HDUH',to_date('29/11/1992','dd/mm/yyyy'),'Daredda','Tremante',NULL,'Napoli',to_date('14/7/2005','dd/mm/yyyy'));
INSERT INTO		Lavoratore(cf, data_di_nascita, nome, cognome, secondo_nome, citta_residenza,data_assunzione)		VALUES('WEUHCWE8W3UQDJEU',to_date('29/06/1992','dd/mm/yyyy'),'Daredda','Demone',NULL,'Napoli',to_date('16/7/2005','dd/mm/yyyy'));
INSERT INTO		Lavoratore(cf, data_di_nascita, nome, cognome, secondo_nome, citta_residenza,data_assunzione)		VALUES('WOIEUCHEW87EUJWO',to_date('29/04/1992','dd/mm/yyyy'),'Are','Ius',NULL,'Napoli',to_date('16/5/2005','dd/mm/yyyy'));
INSERT INTO		Lavoratore(cf, data_di_nascita, nome, cognome, secondo_nome, citta_residenza,data_assunzione)		VALUES('WIUECHUEICUIWO89',to_date('29/05/1992','dd/mm/yyyy'),'Wa','Solo',NULL,'Napoli',to_date('06/5/2005','dd/mm/yyyy'));
INSERT INTO		Lavoratore(cf, data_di_nascita, nome, cognome, secondo_nome, citta_residenza,data_assunzione)		VALUES('WDJCHBYWCUWE889U',to_date('29/11/1992','dd/mm/yyyy'),'Debiru','Sempre',NULL,'Napoli',to_date('05/9/2005','dd/mm/yyyy'));
INSERT INTO		Lavoratore(cf, data_di_nascita, nome, cognome, secondo_nome, citta_residenza,data_assunzione)		VALUES('WEIUCHW8789WDJDJ',to_date('29/11/1992','dd/mm/yyyy'),'Debiru','Senza',NULL,'Napoli',to_date('04/9/2004','dd/mm/yyyy'));
INSERT INTO		Lavoratore(cf, data_di_nascita, nome, cognome, secondo_nome, citta_residenza,data_assunzione)		VALUES('WEDCUW8W39WW38DJ',to_date('29/11/1992','dd/mm/yyyy'),'Man','Fine',NULL,'Napoli',to_date('07/9/2005','dd/mm/yyyy'));
INSERT INTO		Lavoratore(cf, data_di_nascita, nome, cognome, secondo_nome, citta_residenza,data_assunzione)		VALUES('WEOICUE8W9W3JDJD',to_date('29/11/1992','dd/mm/yyyy'),'Debiru','Inizio',NULL,'Napoli',to_date('06/9/2005','dd/mm/yyyy'));
INSERT INTO		Lavoratore(cf, data_di_nascita, nome, cognome, secondo_nome, citta_residenza,data_assunzione)		VALUES('WEIUDHWEI3893UDJ',to_date('29/11/1992','dd/mm/yyyy'),'Man','Calmo',NULL,'Napoli',to_date('06/9/2005','dd/mm/yyyy'));
INSERT INTO		Lavoratore(cf, data_di_nascita, nome, cognome, secondo_nome, citta_residenza,data_assunzione)		VALUES('WOIJEWE98DUWIEDJ',to_date('29/11/1992','dd/mm/yyyy'),'Luca','Ferrari',NULL,'Napoli',to_date('05/9/2005','dd/mm/yyyy'));
INSERT INTO		Lavoratore(cf, data_di_nascita, nome, cognome, secondo_nome, citta_residenza,data_assunzione)		VALUES('WOECW8W3HDEDDHUH',to_date('29/11/1992','dd/mm/yyyy'),'Salvo','Rosa',NULL,'Napoli',to_date('02/9/2005','dd/mm/yyyy'));


--%%%%%		IMPIEGATO
INSERT INTO		Impiegato(cf_imp,reparto_loc_imp, flag_rep_imp)		VALUES('EUILMF99Y494JIK9','Salerno','VI');
INSERT INTO		Impiegato(cf_imp,reparto_loc_imp, flag_rep_imp)		VALUES('PLEASD49K938911J','Salerno','VI');
INSERT INTO		Impiegato(cf_imp,reparto_loc_imp, flag_rep_imp)		VALUES('JIONAS34H48M839A','Salerno','VI');
INSERT INTO		Impiegato(cf_imp,reparto_loc_imp, flag_rep_imp)		VALUES('CREATI89R58F839U','Salerno','VE');
INSERT INTO		Impiegato(cf_imp,reparto_loc_imp, flag_rep_imp)		VALUES('LOSSAN99R48F839I','Salerno','VE');
INSERT INTO		Impiegato(cf_imp,reparto_loc_imp, flag_rep_imp)		VALUES('SNTDGI98D03A783K','Salerno','VE') ;
INSERT INTO		Impiegato(cf_imp,reparto_loc_imp, flag_rep_imp)		VALUES('LZNNDR87L15B905J','Salerno','L') ;
INSERT INTO		Impiegato(cf_imp,reparto_loc_imp, flag_rep_imp)		VALUES('MONSTE86L62F839Q','Salerno','L') ;
INSERT INTO		Impiegato(cf_imp,reparto_loc_imp, flag_rep_imp)		VALUES('TIFULL96D14F839M','Salerno','L') ;
INSERT INTO		Impiegato(cf_imp,reparto_loc_imp, flag_rep_imp)		VALUES('SABEAU94S57B905C','Caserta','VI') ;
INSERT INTO		Impiegato(cf_imp,reparto_loc_imp, flag_rep_imp)		VALUES('LAMIAI99S70F839M','Caserta','VI') ;
INSERT INTO		Impiegato(cf_imp,reparto_loc_imp, flag_rep_imp)		VALUES('LNEFNC98B18F839U','Caserta','VI') ;
INSERT INTO		Impiegato(cf_imp,reparto_loc_imp, flag_rep_imp)		VALUES('PANTSU99E14F352H','Caserta','VE') ;
INSERT INTO		Impiegato(cf_imp,reparto_loc_imp, flag_rep_imp)		VALUES('TCUPGR92C13F839H','Caserta','VE') ;
INSERT INTO		Impiegato(cf_imp,reparto_loc_imp, flag_rep_imp)		VALUES('MSCRND93B12A783N','Caserta','VE') ;
INSERT INTO		Impiegato(cf_imp,reparto_loc_imp, flag_rep_imp)		VALUES('YMINDN93A52A509B','Caserta','L') ;
INSERT INTO		Impiegato(cf_imp,reparto_loc_imp, flag_rep_imp)		VALUES('PLACEM92P51B905E','Caserta','L') ;
INSERT INTO		Impiegato(cf_imp,reparto_loc_imp, flag_rep_imp)		VALUES('RICSHI96P57F839F','Caserta','L') ;
INSERT INTO		Impiegato(cf_imp,reparto_loc_imp, flag_rep_imp)		VALUES('DOROBO91C22B905Y','Benevento','L');
INSERT INTO		Impiegato(cf_imp,reparto_loc_imp, flag_rep_imp)		VALUES('TEUIRH98B24F839X','Benevento','L');
INSERT INTO		Impiegato(cf_imp,reparto_loc_imp, flag_rep_imp)		VALUES('ONESIS94L12F839L','Benevento','L');
INSERT INTO		Impiegato(cf_imp,reparto_loc_imp, flag_rep_imp)		VALUES('SHINME99B52A509N','Benevento','VE');
INSERT INTO		Impiegato(cf_imp,reparto_loc_imp, flag_rep_imp)		VALUES('MEGUMI94E30A783J','Benevento','VE');
INSERT INTO		Impiegato(cf_imp,reparto_loc_imp, flag_rep_imp)		VALUES('ASUMIO94T55A783G','Benevento','VE');
INSERT INTO		Impiegato(cf_imp,reparto_loc_imp, flag_rep_imp)		VALUES('RRNRAS97T45A783X','Avellino','VE');
INSERT INTO		Impiegato(cf_imp,reparto_loc_imp, flag_rep_imp)		VALUES('PSSTOP98R66A509J','Avellino','VE');
INSERT INTO		Impiegato(cf_imp,reparto_loc_imp, flag_rep_imp)		VALUES('OPLIAJ98D03A783K','Avellino','VE');
INSERT INTO		Impiegato(cf_imp,reparto_loc_imp, flag_rep_imp)		VALUES('AGGIOP87L15B905J','Napoli','L');
INSERT INTO		Impiegato(cf_imp,reparto_loc_imp, flag_rep_imp)		VALUES('CREMAI92S17F839R','Napoli','L');
INSERT INTO		Impiegato(cf_imp,reparto_loc_imp, flag_rep_imp)		VALUES('POISAA91T58F839G','Napoli','L');
INSERT INTO		Impiegato(cf_imp,reparto_loc_imp, flag_rep_imp)		VALUES('FOLIER91C22B905Y','Napoli','VI');
INSERT INTO		Impiegato(cf_imp,reparto_loc_imp, flag_rep_imp)		VALUES('CORAAL98B24F845X','Napoli','VI');
INSERT INTO		Impiegato(cf_imp,reparto_loc_imp, flag_rep_imp)		VALUES('CORAAL98B24F839X','Napoli','VI');
INSERT INTO		Impiegato(cf_imp,reparto_loc_imp, flag_rep_imp)		VALUES('COLPEI89S13F839N','Napoli','VE');
INSERT INTO		Impiegato(cf_imp,reparto_loc_imp, flag_rep_imp)		VALUES('SONA1N92E20A783Z','Napoli','VE');
INSERT INTO		Impiegato(cf_imp,reparto_loc_imp, flag_rep_imp)		VALUES('GAMIPE90B10A783V','Napoli','VE');
INSERT INTO		Impiegato(cf_imp,reparto_loc_imp, flag_rep_imp)		VALUES('OFELEC92S17F839R','Casalnuovo di Napoli','L');
INSERT INTO		Impiegato(cf_imp,reparto_loc_imp, flag_rep_imp)		VALUES('TDREAM91T58F839G','Casalnuovo di Napoli','L');

INSERT INTO		Impiegato(cf_imp,reparto_loc_imp, flag_rep_imp)		VALUES('UE9WFN39DH389HDJ','Casalnuovo di Napoli','L');
INSERT INTO		Impiegato(cf_imp,reparto_loc_imp, flag_rep_imp)		VALUES('4RFJIR3O48JF398H','Casalnuovo di Napoli','VI');
INSERT INTO		Impiegato(cf_imp,reparto_loc_imp, flag_rep_imp)		VALUES('CEUIWEU8338HDCN8','Casalnuovo di Napoli','VI');
INSERT INTO		Impiegato(cf_imp,reparto_loc_imp, flag_rep_imp)		VALUES('3827DB328DHDHDH7','Casalnuovo di Napoli','VI');
INSERT INTO		Impiegato(cf_imp,reparto_loc_imp, flag_rep_imp)		VALUES('283DH3D37D823DHJ','Giugliano','L');
INSERT INTO		Impiegato(cf_imp,reparto_loc_imp, flag_rep_imp)		VALUES('2I3UDH382983DHHD','Giugliano','L');
INSERT INTO		Impiegato(cf_imp,reparto_loc_imp, flag_rep_imp)		VALUES('237D8H3283DH3UI2','Giugliano','L');
INSERT INTO		Impiegato(cf_imp,reparto_loc_imp, flag_rep_imp)		VALUES('2938DH3D38DUUU8J','Giugliano','VE');
INSERT INTO		Impiegato(cf_imp,reparto_loc_imp, flag_rep_imp)		VALUES('2938DH3UDH2JI238','Giugliano','VE');
INSERT INTO		Impiegato(cf_imp,reparto_loc_imp, flag_rep_imp)		VALUES('2938DH23DJ3298J3','Giugliano','VE');
INSERT INTO		Impiegato(cf_imp,reparto_loc_imp, flag_rep_imp)		VALUES('2938DHJ3D2938DJJ','Giugliano','VI');
INSERT INTO		Impiegato(cf_imp,reparto_loc_imp, flag_rep_imp)		VALUES('239DH3293DJ2389J','Giugliano','VI');
INSERT INTO		Impiegato(cf_imp,reparto_loc_imp, flag_rep_imp)		VALUES('9238DH3JD293DM38','Giugliano','VI');
INSERT INTO		Impiegato(cf_imp,reparto_loc_imp, flag_rep_imp)		VALUES('823DH3UJDIO238HD','Torre del Greco','VI');
INSERT INTO		Impiegato(cf_imp,reparto_loc_imp, flag_rep_imp)		VALUES('2398DHJ3D23JDD28','Torre del Greco','VI');
INSERT INTO		Impiegato(cf_imp,reparto_loc_imp, flag_rep_imp)		VALUES('9238DHJ3D32DJK22','Torre del Greco','VI');
INSERT INTO		Impiegato(cf_imp,reparto_loc_imp, flag_rep_imp)		VALUES('9283DJ23DK39283J','Torre del Greco','VE');
INSERT INTO		Impiegato(cf_imp,reparto_loc_imp, flag_rep_imp)		VALUES('2398DJJ2QQKW38DJ','Torre del Greco','VE');
INSERT INTO		Impiegato(cf_imp,reparto_loc_imp, flag_rep_imp)		VALUES('2938DJ23DJ329832','Torre del Greco','VE');
INSERT INTO		Impiegato(cf_imp,reparto_loc_imp, flag_rep_imp)		VALUES('283DH3293JD2K093','Pozzuoli','VE');
INSERT INTO		Impiegato(cf_imp,reparto_loc_imp, flag_rep_imp)		VALUES('23UDJ3I29832DK99','Pozzuoli','VE');
INSERT INTO		Impiegato(cf_imp,reparto_loc_imp, flag_rep_imp)		VALUES('2398DJ239DH2398D','Pozzuoli','VE');
INSERT INTO		Impiegato(cf_imp,reparto_loc_imp, flag_rep_imp)		VALUES('238DJ23ID9H3298J','Casoria','VE');
INSERT INTO		Impiegato(cf_imp,reparto_loc_imp, flag_rep_imp)		VALUES('9238DJ3DI23DH3UU','Casoria','VE');
INSERT INTO		Impiegato(cf_imp,reparto_loc_imp, flag_rep_imp)		VALUES('238DJ3I23D8293DU','Casoria','VE');
INSERT INTO		Impiegato(cf_imp,reparto_loc_imp, flag_rep_imp)		VALUES('23DUH32IDU37DH3U','Casoria','VI');
INSERT INTO		Impiegato(cf_imp,reparto_loc_imp, flag_rep_imp)		VALUES('2938DJ2I3D3289JJ','Casoria','VI');
INSERT INTO		Impiegato(cf_imp,reparto_loc_imp, flag_rep_imp)		VALUES('9238DJ3I2O3DJIOI','Casoria','VI');
INSERT INTO		Impiegato(cf_imp,reparto_loc_imp, flag_rep_imp)		VALUES('238DJ3DI3H23JO2I','Casoria','L');
INSERT INTO		Impiegato(cf_imp,reparto_loc_imp, flag_rep_imp)		VALUES('9238DJ32IO3JD23J','Casoria','L');
INSERT INTO		Impiegato(cf_imp,reparto_loc_imp, flag_rep_imp)		VALUES('23IDJ32DH32I2UHU','Casoria','L');
INSERT INTO		Impiegato(cf_imp,reparto_loc_imp, flag_rep_imp)		VALUES('2938DH32UIDH32IH','Afragola','VI');
INSERT INTO		Impiegato(cf_imp,reparto_loc_imp, flag_rep_imp)		VALUES('2938DH23UDIH23UD','Afragola','VI');
INSERT INTO		Impiegato(cf_imp,reparto_loc_imp, flag_rep_imp)		VALUES('2938DJ3DJ2U3IHDH','Afragola','VI');
INSERT INTO		Impiegato(cf_imp,reparto_loc_imp, flag_rep_imp)		VALUES('23UDH23IDU32DBDH','Afragola','L');
INSERT INTO		Impiegato(cf_imp,reparto_loc_imp, flag_rep_imp)		VALUES('2I3DH23D893DHUHD','Afragola','L');
INSERT INTO		Impiegato(cf_imp,reparto_loc_imp, flag_rep_imp)		VALUES('23UD8H2389DJDJQH','Afragola','L');
INSERT INTO		Impiegato(cf_imp,reparto_loc_imp, flag_rep_imp)		VALUES('9238DH3UIUHD3U2H','Acerra','L');
INSERT INTO		Impiegato(cf_imp,reparto_loc_imp, flag_rep_imp)		VALUES('2938DH2U3IDH3UDH','Acerra','L');
INSERT INTO		Impiegato(cf_imp,reparto_loc_imp, flag_rep_imp)		VALUES('HDU3I23DH3U2I98U','Acerra','L');
INSERT INTO		Impiegato(cf_imp,reparto_loc_imp, flag_rep_imp)		VALUES('DH3U2938DU32JDJJ','Acerra','VI');
INSERT INTO		Impiegato(cf_imp,reparto_loc_imp, flag_rep_imp)		VALUES('23JHDBH32IUD2UHD','Acerra','VI');
INSERT INTO		Impiegato(cf_imp,reparto_loc_imp, flag_rep_imp)		VALUES('23IUDH23UIDH3NDU','Acerra','VI');
INSERT INTO		Impiegato(cf_imp,reparto_loc_imp, flag_rep_imp)		VALUES('2I3UDH32D3JID23U','Acerra','VE');
INSERT INTO		Impiegato(cf_imp,reparto_loc_imp, flag_rep_imp)		VALUES('3IUDH2DDN2J3IU2U','Acerra','VE');
INSERT INTO		Impiegato(cf_imp,reparto_loc_imp, flag_rep_imp)		VALUES('I23UDH3UI2UHU3D3','Acerra','VE');
INSERT INTO		Impiegato(cf_imp,reparto_loc_imp, flag_rep_imp)		VALUES('2I3UDH3U238DH328','Portici','VI');
INSERT INTO		Impiegato(cf_imp,reparto_loc_imp, flag_rep_imp)		VALUES('238DH3298DH3828H','Portici','VI');
INSERT INTO		Impiegato(cf_imp,reparto_loc_imp, flag_rep_imp)		VALUES('2I3UDH38293DJ388','Portici','VI');
INSERT INTO		Impiegato(cf_imp,reparto_loc_imp, flag_rep_imp)		VALUES('2I3DH238923DH289','Ercolano','VI');
INSERT INTO		Impiegato(cf_imp,reparto_loc_imp, flag_rep_imp)		VALUES('23DH8293DH32J809','Ercolano','VI');
INSERT INTO		Impiegato(cf_imp,reparto_loc_imp, flag_rep_imp)		VALUES('UD83923D8H3DJ832','Ercolano','VI');
INSERT INTO		Impiegato(cf_imp,reparto_loc_imp, flag_rep_imp)		VALUES('9238DJ3DD3JD2JDN','Aversa','VI');
INSERT INTO		Impiegato(cf_imp,reparto_loc_imp, flag_rep_imp)		VALUES('9D3JDIQOWJD38299','Aversa','VI');
INSERT INTO		Impiegato(cf_imp,reparto_loc_imp, flag_rep_imp)		VALUES('2983DHJQWDHU23HH','Aversa','VI');
INSERT INTO		Impiegato(cf_imp,reparto_loc_imp, flag_rep_imp)		VALUES('2983DJ23DJ23IODH','Aversa','VE');
INSERT INTO		Impiegato(cf_imp,reparto_loc_imp, flag_rep_imp)		VALUES('298WJD2893DH8299','Aversa','VE');
INSERT INTO		Impiegato(cf_imp,reparto_loc_imp, flag_rep_imp)		VALUES('DHUDBEDN38923DHD','Aversa','VE');



--%%%%%		Direttore
INSERT INTO		Direttore(cf_dir,reparto_loc_dir, flag_rep_dir)		VALUES('ASUMIO94T55A7832','Napoli','L');
INSERT INTO		Direttore(cf_dir,reparto_loc_dir, flag_rep_dir)		VALUES('COLPEI89S13F8393','Napoli','VI');
INSERT INTO		Direttore(cf_dir,reparto_loc_dir, flag_rep_dir)		VALUES('WOECW8W3HDEDDHUH','Napoli','VE');
INSERT INTO		Direttore(cf_dir,reparto_loc_dir, flag_rep_dir)		VALUES('AAAAAA7M20F924C6','Avellino','VE');
INSERT INTO		Direttore(cf_dir,reparto_loc_dir, flag_rep_dir)		VALUES('ZZRLRR95H23B9058','Caserta','L');
INSERT INTO		Direttore(cf_dir,reparto_loc_dir, flag_rep_dir)		VALUES('FRRCTR99S09F8399','Caserta','VI');
INSERT INTO		Direttore(cf_dir,reparto_loc_dir, flag_rep_dir)		VALUES('RRNRAS97T45A7838','Caserta','VE');
INSERT INTO		Direttore(cf_dir,reparto_loc_dir, flag_rep_dir)		VALUES('PSSTOP98R66A5097','Salerno','VI');
INSERT INTO		Direttore(cf_dir,reparto_loc_dir, flag_rep_dir)		VALUES('WEIUDHWEI3893UDJ','Salerno','VE');
INSERT INTO		Direttore(cf_dir,reparto_loc_dir, flag_rep_dir)		VALUES('WOIJEWE98DUWIEDJ','Salerno','L');
INSERT INTO		Direttore(cf_dir,reparto_loc_dir, flag_rep_dir)		VALUES('NEMESS86L62F8392','Benevento','L');
INSERT INTO		Direttore(cf_dir,reparto_loc_dir, flag_rep_dir)		VALUES('PPIOFI96D14F8391','Benevento','VE');

INSERT INTO		Direttore(cf_dir,reparto_loc_dir, flag_rep_dir)		VALUES('D329IO3JD2983JDD','Casalnuovo di Napoli','VI');
INSERT INTO		Direttore(cf_dir,reparto_loc_dir, flag_rep_dir)		VALUES('23UDH3I2D23728HD','Casalnuovo di Napoli','L');
INSERT INTO		Direttore(cf_dir,reparto_loc_dir, flag_rep_dir)		VALUES('DHU323IU2H38D3DH','Giugliano','L');
INSERT INTO		Direttore(cf_dir,reparto_loc_dir, flag_rep_dir)		VALUES('DH2UI3U28D3JDM3I','Giugliano','VI');
INSERT INTO		Direttore(cf_dir,reparto_loc_dir, flag_rep_dir)		VALUES('DH38293DJ23DH33U','Giugliano','VE');
INSERT INTO		Direttore(cf_dir,reparto_loc_dir, flag_rep_dir)		VALUES('238D23DUI23DHHD8','Torre del Greco','VI');
INSERT INTO		Direttore(cf_dir,reparto_loc_dir, flag_rep_dir)		VALUES('2I3DH238D923DJIJ','Torre del Greco','VE');
INSERT INTO		Direttore(cf_dir,reparto_loc_dir, flag_rep_dir)		VALUES('2938DU32IDH3IUDH','Pozzuoli','VE');
INSERT INTO		Direttore(cf_dir,reparto_loc_dir, flag_rep_dir)		VALUES('2398DH32HDU28392','Casoria','VI');
INSERT INTO		Direttore(cf_dir,reparto_loc_dir, flag_rep_dir)		VALUES('2938DH23DH329H8D','Casoria','VE');
INSERT INTO		Direttore(cf_dir,reparto_loc_dir, flag_rep_dir)		VALUES('I23UDH3UD2IHDU32','Casoria','L');
INSERT INTO		Direttore(cf_dir,reparto_loc_dir, flag_rep_dir)		VALUES('2938DH32IUD23H32','Afragola','VI');
INSERT INTO		Direttore(cf_dir,reparto_loc_dir, flag_rep_dir)		VALUES('2938DJ2I3DH3DH2I','Afragola','L');
INSERT INTO		Direttore(cf_dir,reparto_loc_dir, flag_rep_dir)		VALUES('9238DH32UIDU3DDH','Acerra','VI');
INSERT INTO		Direttore(cf_dir,reparto_loc_dir, flag_rep_dir)		VALUES('2938DH3U2DIHD722','Acerra','VE');
INSERT INTO		Direttore(cf_dir,reparto_loc_dir, flag_rep_dir)		VALUES('2938DH3U2D2U3HDH','Acerra','L');
INSERT INTO		Direttore(cf_dir,reparto_loc_dir, flag_rep_dir)		VALUES('2387DH23UID2872D','Portici','VI');
INSERT INTO		Direttore(cf_dir,reparto_loc_dir, flag_rep_dir)		VALUES('DNCHEU2EY23DUH2N','Ercolano','VI');
INSERT INTO		Direttore(cf_dir,reparto_loc_dir, flag_rep_dir)		VALUES('23UDN3DB3YDHDU38','Aversa','VE');
INSERT INTO		Direttore(cf_dir,reparto_loc_dir, flag_rep_dir)		VALUES('DU3IDH23UDHIUHHD','Aversa','VI');

--%%%%% Amministratore
INSERT INTO		Amministratore(cf_amm,loc_filiale)		VALUES('ISERVE99S70F8396','Napoli');
INSERT INTO		Amministratore(cf_amm,loc_filiale)		VALUES('OPPIOM98B18F8395','Napoli');
INSERT INTO		Amministratore(cf_amm,loc_filiale)		VALUES('PSCOLS99E14F352D','Napoli');
INSERT INTO		Amministratore(cf_amm,loc_filiale)		VALUES('CARINA92C13F8396','Napoli');
INSERT INTO		Amministratore(cf_amm,loc_filiale)		VALUES('MSCTRV93B12A783W','Avellino');
INSERT INTO		Amministratore(cf_amm,loc_filiale)		VALUES('LCNCER93A52A509V','Avellino');
INSERT INTO		Amministratore(cf_amm,loc_filiale)		VALUES('CONTRA92P51B9053','Avellino');
INSERT INTO		Amministratore(cf_amm,loc_filiale)		VALUES('MONTRA96P57F8392','Avellino');
INSERT INTO		Amministratore(cf_amm,loc_filiale)		VALUES('CREMAI92S17F8395','Benevento');
INSERT INTO		Amministratore(cf_amm,loc_filiale)		VALUES('POISAA91T58F8399','Benevento');
INSERT INTO		Amministratore(cf_amm,loc_filiale)		VALUES('FOLIER91C22B9054','Benevento');
INSERT INTO		Amministratore(cf_amm,loc_filiale)		VALUES('CORAAL98B24F8453','Benevento');
INSERT INTO		Amministratore(cf_amm,loc_filiale)		VALUES('CORAAL98B24F8394','Salerno');
INSERT INTO		Amministratore(cf_amm,loc_filiale)		VALUES('ECHDJ23CDJ32FNJ7','Salerno');
INSERT INTO		Amministratore(cf_amm,loc_filiale)		VALUES('PCJBEBNSUE345FN5','Salerno');
INSERT INTO		Amministratore(cf_amm,loc_filiale)		VALUES('KI214CNJEB3FJ4F6','Salerno');
INSERT INTO		Amministratore(cf_amm,loc_filiale)		VALUES('CNJEI3DQBHJ3F4F5','Caserta');
INSERT INTO		Amministratore(cf_amm,loc_filiale)		VALUES('JN43SK345FCBHJ24','Caserta');
INSERT INTO		Amministratore(cf_amm,loc_filiale)		VALUES('CE34CS38YHDB3CS3','Caserta');
INSERT INTO		Amministratore(cf_amm,loc_filiale)		VALUES('NDJW3FNF4IFNJ4J2','Caserta');
INSERT INTO		Amministratore(cf_amm,loc_filiale)		VALUES('CRTRND86R18F8392','Caserta');

INSERT INTO		Amministratore(cf_amm,loc_filiale)		VALUES('2938DHU3D37HDUH3','Casalnuovo di Napoli');
INSERT INTO		Amministratore(cf_amm,loc_filiale)		VALUES('DHU2I3DH2U3IDHDU','Casalnuovo di Napoli');
INSERT INTO		Amministratore(cf_amm,loc_filiale)		VALUES('DHU32I3DH23UDHHD','Casalnuovo di Napoli');
INSERT INTO		Amministratore(cf_amm,loc_filiale)		VALUES('DHU32I3DH2I3UDHD','Giugliano');
INSERT INTO		Amministratore(cf_amm,loc_filiale)		VALUES('2387DHU32ID23DHD','Giugliano');
INSERT INTO		Amministratore(cf_amm,loc_filiale)		VALUES('237DHU32IDHU32ID','Giugliano');
INSERT INTO		Amministratore(cf_amm,loc_filiale)		VALUES('DHU2I3DH23UD2DHH','Giugliano');
INSERT INTO		Amministratore(cf_amm,loc_filiale)		VALUES('DHU2I3DH23UDH3HD','Torre del Greco');
INSERT INTO		Amministratore(cf_amm,loc_filiale)		VALUES('DHUI23DH32IDH3HH','Torre del Greco');
INSERT INTO		Amministratore(cf_amm,loc_filiale)		VALUES('23IUDH2I3DH23UHD','Torre del Greco');
INSERT INTO		Amministratore(cf_amm,loc_filiale)		VALUES('23DUH23DH3UDHDU2','Torre del Greco');
INSERT INTO		Amministratore(cf_amm,loc_filiale)		VALUES('2IU3DH23IDH3U2HD','Pozzuoli');
INSERT INTO		Amministratore(cf_amm,loc_filiale)		VALUES('2I3UD2H3UDH23HDD','Pozzuoli');
INSERT INTO		Amministratore(cf_amm,loc_filiale)		VALUES('I23UDH23DUH32DDH','Casoria');
INSERT INTO		Amministratore(cf_amm,loc_filiale)		VALUES('3I2UDHU23DH23782','Casoria');
INSERT INTO		Amministratore(cf_amm,loc_filiale)		VALUES('I2U3DHU23DHUD28H','Casoria');
INSERT INTO		Amministratore(cf_amm,loc_filiale)		VALUES('23DI23DH3U2IU3DH','Casoria');
INSERT INTO		Amministratore(cf_amm,loc_filiale)		VALUES('23UJIDH2UI3DH23I','Casoria');
INSERT INTO		Amministratore(cf_amm,loc_filiale)		VALUES('2IO3DH23U23DH3DH','Afragola');
INSERT INTO		Amministratore(cf_amm,loc_filiale)		VALUES('2I3UDHU3DH23U7HU','Afragola');
INSERT INTO		Amministratore(cf_amm,loc_filiale)		VALUES('2I3DHU237D23UDIB','Afragola');
INSERT INTO		Amministratore(cf_amm,loc_filiale)		VALUES('WIEUH37W8EUHWIEI','Acerra');
INSERT INTO		Amministratore(cf_amm,loc_filiale)		VALUES('EWIUCHC7EHFEUIWH','Acerra');
INSERT INTO		Amministratore(cf_amm,loc_filiale)		VALUES('WIEU7E3UHFDEWIUH','Acerra');
INSERT INTO		Amministratore(cf_amm,loc_filiale)		VALUES('WEUCHEW78E33HDUH','Acerra');
INSERT INTO		Amministratore(cf_amm,loc_filiale)		VALUES('WEUHCWE8W3UQDJEU','Ercolano');
INSERT INTO		Amministratore(cf_amm,loc_filiale)		VALUES('WOIEUCHEW87EUJWO','Ercolano');
INSERT INTO		Amministratore(cf_amm,loc_filiale)		VALUES('WIUECHUEICUIWO89','Portici');
INSERT INTO		Amministratore(cf_amm,loc_filiale)		VALUES('WDJCHBYWCUWE889U','Portici');
INSERT INTO		Amministratore(cf_amm,loc_filiale)		VALUES('WEIUCHW8789WDJDJ','Aversa');
INSERT INTO		Amministratore(cf_amm,loc_filiale)		VALUES('WEDCUW8W39WW38DJ','Aversa');
INSERT INTO		Amministratore(cf_amm,loc_filiale)		VALUES('WEOICUE8W9W3JDJD','Aversa');

--%%%%%	Stipendi                                                     
INSERT INTO 	Stipendio(numero_bollo,denaro,data_erogazione,cf_lav)		VALUES('adts873egfe78d','1306',to_date('03/11/2019','dd/mm/yyyy'),'EUILMF99Y494JIK9');
INSERT INTO 	Stipendio(numero_bollo,denaro,data_erogazione,cf_lav)		VALUES('asuhdfew783gfe','1390',to_date('03/11/2019','dd/mm/yyyy'),'PLEASD49K938911J');
INSERT INTO 	Stipendio(numero_bollo,denaro,data_erogazione,cf_lav)		VALUES('cbdhu394743fg4','1390',to_date('03/11/2019','dd/mm/yyyy'),'JIONAS34H48M839A');
INSERT INTO 	Stipendio(numero_bollo,denaro,data_erogazione,cf_lav)		VALUES('aisdhw78qdbwq9','1390',to_date('03/11/2019','dd/mm/yyyy'),'CREATI89R58F839U');
INSERT INTO 	Stipendio(numero_bollo,denaro,data_erogazione,cf_lav)		VALUES('xbuwq87wdhqi01','1390',to_date('03/11/2019','dd/mm/yyyy'),'LOSSAN99R48F839I');
INSERT INTO 	Stipendio(numero_bollo,denaro,data_erogazione,cf_lav)		VALUES('lascnwc87ecca8','1390',to_date('03/11/2019','dd/mm/yyyy'),'SNTDGI98D03A783K');
INSERT INTO 	Stipendio(numero_bollo,denaro,data_erogazione,cf_lav)		VALUES('mny76wtq87dq87','1390',to_date('03/11/2019','dd/mm/yyyy'),'LZNNDR87L15B905J');
INSERT INTO 	Stipendio(numero_bollo,denaro,data_erogazione,cf_lav)		VALUES('cnew8e73wufnid','1390',to_date('03/11/2019','dd/mm/yyyy'),'MONSTE86L62F839Q');
INSERT INTO 	Stipendio(numero_bollo,denaro,data_erogazione,cf_lav)		VALUES('s9e83unfe9dhcs','1390',to_date('03/11/2019','dd/mm/yyyy'),'TIFULL96D14F839M');
INSERT INTO 	Stipendio(numero_bollo,denaro,data_erogazione,cf_lav)		VALUES('cnue9w83rfneiw','1390',to_date('03/11/2019','dd/mm/yyyy'),'SABEAU94S57B905C');
INSERT INTO 	Stipendio(numero_bollo,denaro,data_erogazione,cf_lav)		VALUES('nfci9w8fhwe8f9','1390',to_date('03/11/2019','dd/mm/yyyy'),'LAMIAI99S70F839M');
INSERT INTO 	Stipendio(numero_bollo,denaro,data_erogazione,cf_lav)		VALUES('fje8w9fhwe9f3w','1390',to_date('03/11/2019','dd/mm/yyyy'),'LNEFNC98B18F839U');
INSERT INTO 	Stipendio(numero_bollo,denaro,data_erogazione,cf_lav)		VALUES('cjew93efn3w9di','1390',to_date('03/11/2019','dd/mm/yyyy'),'PANTSU99E14F352H');
INSERT INTO 	Stipendio(numero_bollo,denaro,data_erogazione,cf_lav)		VALUES('fni39238fines8','1390',to_date('03/11/2019','dd/mm/yyyy'),'TCUPGR92C13F839H');
INSERT INTO 	Stipendio(numero_bollo,denaro,data_erogazione,cf_lav)		VALUES('fneiw938nfw8w9','1390',to_date('03/11/2019','dd/mm/yyyy'),'MSCRND93B12A783N');
INSERT INTO 	Stipendio(numero_bollo,denaro,data_erogazione,cf_lav)		VALUES('woeicn8e39winf','1409',to_date('03/11/2019','dd/mm/yyyy'),'YMINDN93A52A509B');
INSERT INTO 	Stipendio(numero_bollo,denaro,data_erogazione,cf_lav)		VALUES('0998eybfwiebfw','1409',to_date('03/11/2019','dd/mm/yyyy'),'PLACEM92P51B905E');
INSERT INTO 	Stipendio(numero_bollo,denaro,data_erogazione,cf_lav)		VALUES('fje30238fhn3w8','1409',to_date('03/11/2019','dd/mm/yyyy'),'RICSHI96P57F839F');
INSERT INTO 	Stipendio(numero_bollo,denaro,data_erogazione,cf_lav)		VALUES('fmeiw0efneiewi','1409',to_date('03/11/2019','dd/mm/yyyy'),'OFELEC92S17F839R');
INSERT INTO 	Stipendio(numero_bollo,denaro,data_erogazione,cf_lav)		VALUES('w0e8fwn3fwue98','1409',to_date('03/11/2019','dd/mm/yyyy'),'TDREAM91T58F839G');
INSERT INTO 	Stipendio(numero_bollo,denaro,data_erogazione,cf_lav)		VALUES('fne9w38fhn3iff','1409',to_date('03/11/2019','dd/mm/yyyy'),'DOROBO91C22B905Y');
INSERT INTO 	Stipendio(numero_bollo,denaro,data_erogazione,cf_lav)		VALUES('fm33fe9dchefnw','1409',to_date('03/11/2019','dd/mm/yyyy'),'TEUIRH98B24F839X');
INSERT INTO 	Stipendio(numero_bollo,denaro,data_erogazione,cf_lav)		VALUES('fj390238ifneiw','1409',to_date('03/11/2019','dd/mm/yyyy'),'ONESIS94L12F839L');
INSERT INTO 	Stipendio(numero_bollo,denaro,data_erogazione,cf_lav)		VALUES('fieowienf3iw98','1409',to_date('03/11/2019','dd/mm/yyyy'),'SONA1N92E20A783Z');
INSERT INTO 	Stipendio(numero_bollo,denaro,data_erogazione,cf_lav)		VALUES('wjf89308fihnw9','1409',to_date('03/11/2019','dd/mm/yyyy'),'GAMIPE90B10A783V');
INSERT INTO 	Stipendio(numero_bollo,denaro,data_erogazione,cf_lav)		VALUES('fjiewocweuf388','1409',to_date('03/11/2019','dd/mm/yyyy'),'SHINME99B52A509N');
INSERT INTO 	Stipendio(numero_bollo,denaro,data_erogazione,cf_lav)		VALUES('ncdsoeh38ww932','1409',to_date('03/11/2019','dd/mm/yyyy'),'MEGUMI94E30A783J');
INSERT INTO 	Stipendio(numero_bollo,denaro,data_erogazione,cf_lav)		VALUES('23089ubnef3898','1409',to_date('03/11/2019','dd/mm/yyyy'),'ASUMIO94T55A783G');
INSERT INTO 	Stipendio(numero_bollo,denaro,data_erogazione,cf_lav)		VALUES('fjcni9ew83hfn3','1409',to_date('03/11/2019','dd/mm/yyyy'),'COLPEI89S13F839N');
INSERT INTO 	Stipendio(numero_bollo,denaro,data_erogazione,cf_lav)		VALUES('fji3o2i3fh3i8s','1409',to_date('03/11/2019','dd/mm/yyyy'),'RRNRAS97T45A783X');
INSERT INTO 	Stipendio(numero_bollo,denaro,data_erogazione,cf_lav)		VALUES('cji33oifn3iw83','1409',to_date('03/11/2019','dd/mm/yyyy'),'PSSTOP98R66A509J');
INSERT INTO 	Stipendio(numero_bollo,denaro,data_erogazione,cf_lav)		VALUES('fji30w3fiew80w','1409',to_date('03/11/2019','dd/mm/yyyy'),'OPLIAJ98D03A783K');
INSERT INTO 	Stipendio(numero_bollo,denaro,data_erogazione,cf_lav)		VALUES('wieufh83923ifn','1409',to_date('03/11/2019','dd/mm/yyyy'),'AGGIOP87L15B905J');
INSERT INTO 	Stipendio(numero_bollo,denaro,data_erogazione,cf_lav)		VALUES('038ifon8w9fnnm','1409',to_date('03/11/2019','dd/mm/yyyy'),'CREMAI92S17F839R');
INSERT INTO 	Stipendio(numero_bollo,denaro,data_erogazione,cf_lav)		VALUES('w30fneiwoe38hf','1409',to_date('03/11/2019','dd/mm/yyyy'),'POISAA91T58F839G');
INSERT INTO 	Stipendio(numero_bollo,denaro,data_erogazione,cf_lav)		VALUES('nnn69ddd420anm','1409',to_date('03/11/2019','dd/mm/yyyy'),'FOLIER91C22B905Y');
INSERT INTO 	Stipendio(numero_bollo,denaro,data_erogazione,cf_lav)		VALUES('aisudhuwidbsib','1213',to_date('03/11/2019','dd/mm/yyyy'),'CORAAL98B24F845X');
INSERT INTO 	Stipendio(numero_bollo,denaro,data_erogazione,cf_lav)		VALUES('aisejdneowi38h','1213',to_date('03/11/2019','dd/mm/yyyy'),'CORAAL98B24F839X');
INSERT INTO 	Stipendio(numero_bollo,denaro,data_erogazione,cf_lav)		VALUES('ejkdbcsekwbcaj','1560',to_date('03/11/2019','dd/mm/yyyy'),'ASUMIO94T55A7832');
INSERT INTO 	Stipendio(numero_bollo,denaro,data_erogazione,cf_lav)		VALUES('39hfubej4fne48','1890',to_date('03/11/2019','dd/mm/yyyy'),'COLPEI89S13F8393');
INSERT INTO 	Stipendio(numero_bollo,denaro,data_erogazione,cf_lav)		VALUES('398rfgb3oifbii','1890',to_date('03/11/2019','dd/mm/yyyy'),'AAAAAA7M20F924C6');
INSERT INTO 	Stipendio(numero_bollo,denaro,data_erogazione,cf_lav)		VALUES('f3089ufibweufh','1890',to_date('03/11/2019','dd/mm/yyyy'),'ZZRLRR95H23B9058');
INSERT INTO 	Stipendio(numero_bollo,denaro,data_erogazione,cf_lav)		VALUES('f3j89wiuejf3u8','1560',to_date('03/11/2019','dd/mm/yyyy'),'FRRCTR99S09F8399');
INSERT INTO 	Stipendio(numero_bollo,denaro,data_erogazione,cf_lav)		VALUES('03289uifb3j272','1560',to_date('03/11/2019','dd/mm/yyyy'),'RRNRAS97T45A7838');
INSERT INTO 	Stipendio(numero_bollo,denaro,data_erogazione,cf_lav)		VALUES('02398fub3ji277','1560',to_date('03/11/2019','dd/mm/yyyy'),'PSSTOP98R66A5097');
INSERT INTO 	Stipendio(numero_bollo,denaro,data_erogazione,cf_lav)		VALUES('fnu32funds83fh','1560',to_date('03/11/2019','dd/mm/yyyy'),'NEMESS86L62F8392');
INSERT INTO 	Stipendio(numero_bollo,denaro,data_erogazione,cf_lav)		VALUES('2938fhnsenfi3n','1560',to_date('03/11/2019','dd/mm/yyyy'),'PPIOFI96D14F8391');
INSERT INTO 	Stipendio(numero_bollo,denaro,data_erogazione,cf_lav)		VALUES('39823uhfbksjdf','1920',to_date('03/11/2019','dd/mm/yyyy'),'ISERVE99S70F8396');
INSERT INTO 	Stipendio(numero_bollo,denaro,data_erogazione,cf_lav)		VALUES('2983fh3u2bf3sb','1920',to_date('03/11/2019','dd/mm/yyyy'),'OPPIOM98B18F8395');
INSERT INTO 	Stipendio(numero_bollo,denaro,data_erogazione,cf_lav)		VALUES('02398fhinwdisk','1920',to_date('03/11/2019','dd/mm/yyyy'),'PSCOLS99E14F352D');
INSERT INTO 	Stipendio(numero_bollo,denaro,data_erogazione,cf_lav)		VALUES('23fionefhbffj3','1920',to_date('03/11/2019','dd/mm/yyyy'),'CARINA92C13F8396');
INSERT INTO 	Stipendio(numero_bollo,denaro,data_erogazione,cf_lav)		VALUES('30982fhsonu32f','1920',to_date('03/11/2019','dd/mm/yyyy'),'MSCTRV93B12A783W');
INSERT INTO 	Stipendio(numero_bollo,denaro,data_erogazione,cf_lav)		VALUES('2i3urbf3bfsfjf','1920',to_date('03/11/2019','dd/mm/yyyy'),'LCNCER93A52A509V');
INSERT INTO 	Stipendio(numero_bollo,denaro,data_erogazione,cf_lav)		VALUES('3987yvbfni3fbs','1920',to_date('03/11/2019','dd/mm/yyyy'),'CONTRA92P51B9053');
INSERT INTO 	Stipendio(numero_bollo,denaro,data_erogazione,cf_lav)		VALUES('n39fhne4fw3893','1975',to_date('03/11/2019','dd/mm/yyyy'),'MONTRA96P57F8392');
INSERT INTO 	Stipendio(numero_bollo,denaro,data_erogazione,cf_lav)		VALUES('2938rhfn32o83n','1975',to_date('03/11/2019','dd/mm/yyyy'),'CREMAI92S17F8395');
INSERT INTO 	Stipendio(numero_bollo,denaro,data_erogazione,cf_lav)		VALUES('2938r7fib32fu2','1975',to_date('03/11/2019','dd/mm/yyyy'),'POISAA91T58F8399');
INSERT INTO 	Stipendio(numero_bollo,denaro,data_erogazione,cf_lav)		VALUES('2i3jfbueywibf3','1975',to_date('03/11/2019','dd/mm/yyyy'),'FOLIER91C22B9054');
INSERT INTO 	Stipendio(numero_bollo,denaro,data_erogazione,cf_lav)		VALUES('283rfub3i23ufb','1975',to_date('03/11/2019','dd/mm/yyyy'),'CORAAL98B24F8453');
INSERT INTO 	Stipendio(numero_bollo,denaro,data_erogazione,cf_lav)		VALUES('293ufh2n3fu2ns','1975',to_date('03/11/2019','dd/mm/yyyy'),'CORAAL98B24F8394');
INSERT INTO 	Stipendio(numero_bollo,denaro,data_erogazione,cf_lav)		VALUES('20398fuhn33o22','1975',to_date('03/11/2019','dd/mm/yyyy'),'ECHDJ23CDJ32FNJ7');
INSERT INTO 	Stipendio(numero_bollo,denaro,data_erogazione,cf_lav)		VALUES('2983bhnsoeufnf','1975',to_date('03/11/2019','dd/mm/yyyy'),'PCJBEBNSUE345FN5');
INSERT INTO 	Stipendio(numero_bollo,denaro,data_erogazione,cf_lav)		VALUES('2938fuenwfieun','1975',to_date('03/11/2019','dd/mm/yyyy'),'KI214CNJEB3FJ4F6');
INSERT INTO 	Stipendio(numero_bollo,denaro,data_erogazione,cf_lav)		VALUES('293urfhb32f2iu','2078',to_date('03/11/2019','dd/mm/yyyy'),'CNJEI3DQBHJ3F4F5');
INSERT INTO 	Stipendio(numero_bollo,denaro,data_erogazione,cf_lav)		VALUES('293fuh3nf3ui22','2078',to_date('03/11/2019','dd/mm/yyyy'),'JN43SK345FCBHJ24');
INSERT INTO 	Stipendio(numero_bollo,denaro,data_erogazione,cf_lav)		VALUES('2i3urfbnsoei3n','2078',to_date('03/11/2019','dd/mm/yyyy'),'CE34CS38YHDB3CS3');
INSERT INTO 	Stipendio(numero_bollo,denaro,data_erogazione,cf_lav)		VALUES('293ufn32if23uf','2078',to_date('03/11/2019','dd/mm/yyyy'),'NDJW3FNF4IFNJ4J2');
INSERT INTO 	Stipendio(numero_bollo,denaro,data_erogazione,cf_lav)		VALUES('2o3ifn32f3hfnf','2078',to_date('03/11/2019','dd/mm/yyyy'),'CRTRND86R18F8392');
INSERT INTO 	Stipendio(numero_bollo,denaro,data_erogazione,cf_lav)		VALUES('mcnbue2o382hdn','2609',to_date('03/12/2019','dd/mm/yyyy'),'EUILMF99Y494JIK9');
INSERT INTO 	Stipendio(numero_bollo,denaro,data_erogazione,cf_lav)		VALUES('2398dfb2n3o23a','2609',to_date('03/12/2019','dd/mm/yyyy'),'PLEASD49K938911J');
INSERT INTO 	Stipendio(numero_bollo,denaro,data_erogazione,cf_lav)		VALUES('23uycbaneiu389','2609',to_date('03/12/2019','dd/mm/yyyy'),'JIONAS34H48M839A');
INSERT INTO 	Stipendio(numero_bollo,denaro,data_erogazione,cf_lav)		VALUES('2398fb23bfi3iu','2609',to_date('03/12/2019','dd/mm/yyyy'),'CREATI89R58F839U');
INSERT INTO 	Stipendio(numero_bollo,denaro,data_erogazione,cf_lav)		VALUES('230uibcnqo23if','2609',to_date('03/12/2019','dd/mm/yyyy'),'LOSSAN99R48F839I');
INSERT INTO 	Stipendio(numero_bollo,denaro,data_erogazione,cf_lav)		VALUES('2oi3ihfn23f2i2','2609',to_date('03/12/2019','dd/mm/yyyy'),'SNTDGI98D03A783K');
INSERT INTO 	Stipendio(numero_bollo,denaro,data_erogazione,cf_lav)		VALUES('29387yuvbnjiuy','2609',to_date('03/12/2019','dd/mm/yyyy'),'LZNNDR87L15B905J');
INSERT INTO 	Stipendio(numero_bollo,denaro,data_erogazione,cf_lav)		VALUES('203897dfyvbcn2','2609',to_date('03/12/2019','dd/mm/yyyy'),'MONSTE86L62F839Q');
INSERT INTO 	Stipendio(numero_bollo,denaro,data_erogazione,cf_lav)		VALUES('wert54ec45vbbv','2609',to_date('03/12/2019','dd/mm/yyyy'),'TIFULL96D14F839M');
INSERT INTO 	Stipendio(numero_bollo,denaro,data_erogazione,cf_lav)		VALUES('oqiuevb2387f82','2609',to_date('03/12/2019','dd/mm/yyyy'),'SABEAU94S57B905C');
INSERT INTO 	Stipendio(numero_bollo,denaro,data_erogazione,cf_lav)		VALUES('2038f9b23c9fhj','2609',to_date('03/12/2019','dd/mm/yyyy'),'LAMIAI99S70F839M');
INSERT INTO 	Stipendio(numero_bollo,denaro,data_erogazione,cf_lav)		VALUES('2389f2b32ufndn','2609',to_date('03/12/2019','dd/mm/yyyy'),'LNEFNC98B18F839U');
INSERT INTO 	Stipendio(numero_bollo,denaro,data_erogazione,cf_lav)		VALUES('2389d23dbn2nmm','2609',to_date('03/12/2019','dd/mm/yyyy'),'PANTSU99E14F352H');
INSERT INTO 	Stipendio(numero_bollo,denaro,data_erogazione,cf_lav)		VALUES('2398fh3b23ufh2','2609',to_date('03/12/2019','dd/mm/yyyy'),'TCUPGR92C13F839H');
INSERT INTO 	Stipendio(numero_bollo,denaro,data_erogazione,cf_lav)		VALUES('2938f2n32fn2ni','2609',to_date('03/12/2019','dd/mm/yyyy'),'MSCRND93B12A783N');
INSERT INTO 	Stipendio(numero_bollo,denaro,data_erogazione,cf_lav)		VALUES('2938f23nf23nf2','2609',to_date('03/12/2019','dd/mm/yyyy'),'YMINDN93A52A509B');
INSERT INTO 	Stipendio(numero_bollo,denaro,data_erogazione,cf_lav)		VALUES('2938f23bf2ufnn','2609',to_date('03/12/2019','dd/mm/yyyy'),'PLACEM92P51B905E');
INSERT INTO 	Stipendio(numero_bollo,denaro,data_erogazione,cf_lav)		VALUES('2839f2n32f232i','2609',to_date('03/12/2019','dd/mm/yyyy'),'RICSHI96P57F839F');
INSERT INTO 	Stipendio(numero_bollo,denaro,data_erogazione,cf_lav)		VALUES('3902982fuhn3fs','2609',to_date('03/12/2019','dd/mm/yyyy'),'OFELEC92S17F839R');
INSERT INTO 	Stipendio(numero_bollo,denaro,data_erogazione,cf_lav)		VALUES('2938hn2d32mdi2','2609',to_date('03/12/2019','dd/mm/yyyy'),'TDREAM91T58F839G');
INSERT INTO 	Stipendio(numero_bollo,denaro,data_erogazione,cf_lav)		VALUES('2938d932dj23im','2609',to_date('03/12/2019','dd/mm/yyyy'),'DOROBO91C22B905Y');
INSERT INTO 	Stipendio(numero_bollo,denaro,data_erogazione,cf_lav)		VALUES('2oi3dn23ud2idn','2609',to_date('03/12/2019','dd/mm/yyyy'),'TEUIRH98B24F839X');
INSERT INTO 	Stipendio(numero_bollo,denaro,data_erogazione,cf_lav)		VALUES('oi3wn23u2ifo2n','2609',to_date('03/12/2019','dd/mm/yyyy'),'ONESIS94L12F839L');
INSERT INTO 	Stipendio(numero_bollo,denaro,data_erogazione,cf_lav)		VALUES('22iuhdf2uo28hj','2609',to_date('03/12/2019','dd/mm/yyyy'),'SONA1N92E20A783Z');
INSERT INTO 	Stipendio(numero_bollo,denaro,data_erogazione,cf_lav)		VALUES('239dn32d32uiun','2609',to_date('03/12/2019','dd/mm/yyyy'),'GAMIPE90B10A783V');
INSERT INTO 	Stipendio(numero_bollo,denaro,data_erogazione,cf_lav)		VALUES('23iudn32d23ubn','2609',to_date('03/12/2019','dd/mm/yyyy'),'SHINME99B52A509N');
INSERT INTO 	Stipendio(numero_bollo,denaro,data_erogazione,cf_lav)		VALUES('2i3udn32dn23oi','2609',to_date('03/12/2019','dd/mm/yyyy'),'MEGUMI94E30A783J');
INSERT INTO 	Stipendio(numero_bollo,denaro,data_erogazione,cf_lav)		VALUES('23udnh3jdi2n3d','2609',to_date('03/12/2019','dd/mm/yyyy'),'ASUMIO94T55A783G');
INSERT INTO 	Stipendio(numero_bollo,denaro,data_erogazione,cf_lav)		VALUES('2i3dndwio3nrdn','2609',to_date('03/12/2019','dd/mm/yyyy'),'COLPEI89S13F839N');
INSERT INTO 	Stipendio(numero_bollo,denaro,data_erogazione,cf_lav)		VALUES('dnejwifnweieej','2609',to_date('03/12/2019','dd/mm/yyyy'),'RRNRAS97T45A783X');
INSERT INTO 	Stipendio(numero_bollo,denaro,data_erogazione,cf_lav)		VALUES('wieufnefuwinfw','2609',to_date('03/12/2019','dd/mm/yyyy'),'PSSTOP98R66A509J');
INSERT INTO 	Stipendio(numero_bollo,denaro,data_erogazione,cf_lav)		VALUES('wiuefn3fu3ifbn','2609',to_date('03/12/2019','dd/mm/yyyy'),'OPLIAJ98D03A783K');
INSERT INTO 	Stipendio(numero_bollo,denaro,data_erogazione,cf_lav)		VALUES('i23un3d32uweuo','2609',to_date('03/12/2019','dd/mm/yyyy'),'AGGIOP87L15B905J');
INSERT INTO 	Stipendio(numero_bollo,denaro,data_erogazione,cf_lav)		VALUES('e3n2w3ofi3ofww','2609',to_date('03/12/2019','dd/mm/yyyy'),'CREMAI92S17F839R');
INSERT INTO 	Stipendio(numero_bollo,denaro,data_erogazione,cf_lav)		VALUES('weiufnweuifh3o','2609',to_date('03/12/2019','dd/mm/yyyy'),'POISAA91T58F839G');
INSERT INTO 	Stipendio(numero_bollo,denaro,data_erogazione,cf_lav)		VALUES('weoifnu3fhww88','2609',to_date('03/12/2019','dd/mm/yyyy'),'FOLIER91C22B905Y');
INSERT INTO 	Stipendio(numero_bollo,denaro,data_erogazione,cf_lav)		VALUES('wieufh3ufwni99','2400',to_date('03/12/2019','dd/mm/yyyy'),'CORAAL98B24F845X');
INSERT INTO 	Stipendio(numero_bollo,denaro,data_erogazione,cf_lav)		VALUES('wiefubwefbu3iw','2400',to_date('03/12/2019','dd/mm/yyyy'),'CORAAL98B24F839X');
INSERT INTO 	Stipendio(numero_bollo,denaro,data_erogazione,cf_lav)		VALUES('wefcnefnsmk3i9','1560',to_date('03/12/2019','dd/mm/yyyy'),'ASUMIO94T55A7832');
INSERT INTO 	Stipendio(numero_bollo,denaro,data_erogazione,cf_lav)		VALUES('cne37737f3uf88','3690',to_date('03/12/2019','dd/mm/yyyy'),'COLPEI89S13F8393');
INSERT INTO 	Stipendio(numero_bollo,denaro,data_erogazione,cf_lav)		VALUES('f327fh23fw98yj','3690',to_date('03/12/2019','dd/mm/yyyy'),'AAAAAA7M20F924C6');
INSERT INTO 	Stipendio(numero_bollo,denaro,data_erogazione,cf_lav)		VALUES('f3928fh32iasj9','3690',to_date('03/12/2019','dd/mm/yyyy'),'ZZRLRR95H23B9058');
INSERT INTO 	Stipendio(numero_bollo,denaro,data_erogazione,cf_lav)		VALUES('hy867r5ff657gg','3090',to_date('03/12/2019','dd/mm/yyyy'),'FRRCTR99S09F8399');
INSERT INTO 	Stipendio(numero_bollo,denaro,data_erogazione,cf_lav)		VALUES('8768ft68tfygf5','3090',to_date('03/12/2019','dd/mm/yyyy'),'RRNRAS97T45A7838');
INSERT INTO 	Stipendio(numero_bollo,denaro,data_erogazione,cf_lav)		VALUES('uyg6865r8fio67','3090',to_date('03/12/2019','dd/mm/yyyy'),'PSSTOP98R66A5097');
INSERT INTO 	Stipendio(numero_bollo,denaro,data_erogazione,cf_lav)		VALUES('hu6754dsftgh8u','3090',to_date('03/12/2019','dd/mm/yyyy'),'NEMESS86L62F8392');
INSERT INTO 	Stipendio(numero_bollo,denaro,data_erogazione,cf_lav)		VALUES('767dfghu876ghj','3090',to_date('03/12/2019','dd/mm/yyyy'),'PPIOFI96D14F8391');
INSERT INTO 	Stipendio(numero_bollo,denaro,data_erogazione,cf_lav)		VALUES('876tfghjgt5rft','3900',to_date('03/12/2019','dd/mm/yyyy'),'ISERVE99S70F8396');
INSERT INTO 	Stipendio(numero_bollo,denaro,data_erogazione,cf_lav)		VALUES('87tfgde4erth78','3900',to_date('03/12/2019','dd/mm/yyyy'),'OPPIOM98B18F8395');
INSERT INTO 	Stipendio(numero_bollo,denaro,data_erogazione,cf_lav)		VALUES('8765fghy654sdf','3900',to_date('03/12/2019','dd/mm/yyyy'),'PSCOLS99E14F352D');
INSERT INTO 	Stipendio(numero_bollo,denaro,data_erogazione,cf_lav)		VALUES('887tvybuygty78','3900',to_date('03/12/2019','dd/mm/yyyy'),'CARINA92C13F8396');
INSERT INTO 	Stipendio(numero_bollo,denaro,data_erogazione,cf_lav)		VALUES('3872yfn3u287hh','3900',to_date('03/12/2019','dd/mm/yyyy'),'MSCTRV93B12A783W');
INSERT INTO 	Stipendio(numero_bollo,denaro,data_erogazione,cf_lav)		VALUES('29837dh2n39289','3900',to_date('03/12/2019','dd/mm/yyyy'),'LCNCER93A52A509V');
INSERT INTO 	Stipendio(numero_bollo,denaro,data_erogazione,cf_lav)		VALUES('293hd23f829238','3900',to_date('03/12/2019','dd/mm/yyyy'),'CONTRA92P51B9053');
INSERT INTO 	Stipendio(numero_bollo,denaro,data_erogazione,cf_lav)		VALUES('28937f2n3uf2jf','3900',to_date('03/12/2019','dd/mm/yyyy'),'MONTRA96P57F8392');
INSERT INTO 	Stipendio(numero_bollo,denaro,data_erogazione,cf_lav)		VALUES('293r9h239f28jk','4070',to_date('03/12/2019','dd/mm/yyyy'),'CREMAI92S17F8395');
INSERT INTO 	Stipendio(numero_bollo,denaro,data_erogazione,cf_lav)		VALUES('2398f9h239f82j','4070',to_date('03/12/2019','dd/mm/yyyy'),'POISAA91T58F8399');
INSERT INTO 	Stipendio(numero_bollo,denaro,data_erogazione,cf_lav)		VALUES('2i3uf32uf2inf2','4070',to_date('03/12/2019','dd/mm/yyyy'),'FOLIER91C22B9054');
INSERT INTO 	Stipendio(numero_bollo,denaro,data_erogazione,cf_lav)		VALUES('9283dyb23udin2','4070',to_date('03/12/2019','dd/mm/yyyy'),'CORAAL98B24F8453');
INSERT INTO 	Stipendio(numero_bollo,denaro,data_erogazione,cf_lav)		VALUES('23iufdh823228d','4070',to_date('03/12/2019','dd/mm/yyyy'),'CORAAL98B24F8394');
INSERT INTO 	Stipendio(numero_bollo,denaro,data_erogazione,cf_lav)		VALUES('2i3u7dgb32nid2','4070',to_date('03/12/2019','dd/mm/yyyy'),'ECHDJ23CDJ32FNJ7');
INSERT INTO 	Stipendio(numero_bollo,denaro,data_erogazione,cf_lav)		VALUES('23987d2n3dijdm','4070',to_date('03/12/2019','dd/mm/yyyy'),'PCJBEBNSUE345FN5');
INSERT INTO 	Stipendio(numero_bollo,denaro,data_erogazione,cf_lav)		VALUES('2398jbvghjkkku','4070',to_date('03/12/2019','dd/mm/yyyy'),'KI214CNJEB3FJ4F6');
INSERT INTO 	Stipendio(numero_bollo,denaro,data_erogazione,cf_lav)		VALUES('239udniodh89dn','4070',to_date('03/12/2019','dd/mm/yyyy'),'CNJEI3DQBHJ3F4F5');
INSERT INTO 	Stipendio(numero_bollo,denaro,data_erogazione,cf_lav)		VALUES('29837dfh32dh3u','4070',to_date('03/12/2019','dd/mm/yyyy'),'JN43SK345FCBHJ24');
INSERT INTO 	Stipendio(numero_bollo,denaro,data_erogazione,cf_lav)		VALUES('2i3udn3dmiahds','4070',to_date('03/12/2019','dd/mm/yyyy'),'CE34CS38YHDB3CS3');
INSERT INTO 	Stipendio(numero_bollo,denaro,data_erogazione,cf_lav)		VALUES('98eheuhcwi099j','4070',to_date('03/12/2019','dd/mm/yyyy'),'NDJW3FNF4IFNJ4J2');
INSERT INTO 	Stipendio(numero_bollo,denaro,data_erogazione,cf_lav)		VALUES('98eheuhcwi099k','4070',to_date('03/12/2019','dd/mm/yyyy'),'CRTRND86R18F8392');

INSERT INTO 	Stipendio(numero_bollo,denaro,data_erogazione,cf_lav)		VALUES('bwdw4kpchcn46o','1200',to_date('03/11/2019','dd/mm/yyyy'),'UE9WFN39DH389HDJ');
INSERT INTO 	Stipendio(numero_bollo,denaro,data_erogazione,cf_lav)		VALUES('z9pr61pk8svcvk','1200',to_date('03/11/2019','dd/mm/yyyy'),'4RFJIR3O48JF398H');
INSERT INTO 	Stipendio(numero_bollo,denaro,data_erogazione,cf_lav)		VALUES('ve977iptzh9anl','1200',to_date('03/11/2019','dd/mm/yyyy'),'CEUIWEU8338HDCN8');
INSERT INTO 	Stipendio(numero_bollo,denaro,data_erogazione,cf_lav)		VALUES('z9or3wa7ymzhnw','1200',to_date('03/11/2019','dd/mm/yyyy'),'3827DB328DHDHDH7');
INSERT INTO 	Stipendio(numero_bollo,denaro,data_erogazione,cf_lav)		VALUES('kfrlactehhjb19','1200',to_date('03/11/2019','dd/mm/yyyy'),'283DH3D37D823DHJ');
INSERT INTO 	Stipendio(numero_bollo,denaro,data_erogazione,cf_lav)		VALUES('lwz3h5jwqsgj15','1200',to_date('03/11/2019','dd/mm/yyyy'),'2I3UDH382983DHHD');
INSERT INTO 	Stipendio(numero_bollo,denaro,data_erogazione,cf_lav)		VALUES('xuuhm08pgpbklg','1200',to_date('03/11/2019','dd/mm/yyyy'),'237D8H3283DH3UI2');
INSERT INTO 	Stipendio(numero_bollo,denaro,data_erogazione,cf_lav)		VALUES('d2bhpzrlsk3p2k','1200',to_date('03/11/2019','dd/mm/yyyy'),'2938DH3D38DUUU8J');
INSERT INTO 	Stipendio(numero_bollo,denaro,data_erogazione,cf_lav)		VALUES('zo2fdpocrewjow','1200',to_date('03/11/2019','dd/mm/yyyy'),'2938DH3UDH2JI238');
INSERT INTO 	Stipendio(numero_bollo,denaro,data_erogazione,cf_lav)		VALUES('zef9lmxogbc0kc','1200',to_date('03/11/2019','dd/mm/yyyy'),'2938DH23DJ3298J3');
INSERT INTO 	Stipendio(numero_bollo,denaro,data_erogazione,cf_lav)		VALUES('q6xmgcsp3kaa4r','1200',to_date('03/11/2019','dd/mm/yyyy'),'2938DHJ3D2938DJJ');
INSERT INTO 	Stipendio(numero_bollo,denaro,data_erogazione,cf_lav)		VALUES('8nt358ueqp0rhn','1200',to_date('03/11/2019','dd/mm/yyyy'),'239DH3293DJ2389J');
INSERT INTO 	Stipendio(numero_bollo,denaro,data_erogazione,cf_lav)		VALUES('0jyfpbcfy171hi','1200',to_date('03/11/2019','dd/mm/yyyy'),'9238DH3JD293DM38');
INSERT INTO 	Stipendio(numero_bollo,denaro,data_erogazione,cf_lav)		VALUES('8huqdae1tpmcjk','1200',to_date('03/11/2019','dd/mm/yyyy'),'823DH3UJDIO238HD');
INSERT INTO 	Stipendio(numero_bollo,denaro,data_erogazione,cf_lav)		VALUES('udnb1l4whgwwgd','1200',to_date('03/11/2019','dd/mm/yyyy'),'2398DHJ3D23JDD28');
INSERT INTO 	Stipendio(numero_bollo,denaro,data_erogazione,cf_lav)		VALUES('hygh0xm8i6gbux','1200',to_date('03/11/2019','dd/mm/yyyy'),'9238DHJ3D32DJK22');
INSERT INTO 	Stipendio(numero_bollo,denaro,data_erogazione,cf_lav)		VALUES('2iidkttvobmt75','1200',to_date('03/11/2019','dd/mm/yyyy'),'9283DJ23DK39283J');
INSERT INTO 	Stipendio(numero_bollo,denaro,data_erogazione,cf_lav)		VALUES('ipy83axfmddfkw','1200',to_date('03/11/2019','dd/mm/yyyy'),'2398DJJ2QQKW38DJ');
INSERT INTO 	Stipendio(numero_bollo,denaro,data_erogazione,cf_lav)		VALUES('tlexxvbjgnkxd0','1200',to_date('03/11/2019','dd/mm/yyyy'),'2938DJ23DJ329832');
INSERT INTO 	Stipendio(numero_bollo,denaro,data_erogazione,cf_lav)		VALUES('uaocecwqs9ctg4','1200',to_date('03/11/2019','dd/mm/yyyy'),'283DH3293JD2K093');
INSERT INTO 	Stipendio(numero_bollo,denaro,data_erogazione,cf_lav)		VALUES('rc8ieerr1a2q7m','1200',to_date('03/11/2019','dd/mm/yyyy'),'23UDJ3I29832DK99');
INSERT INTO 	Stipendio(numero_bollo,denaro,data_erogazione,cf_lav)		VALUES('w73m94wqek0enc','1200',to_date('03/11/2019','dd/mm/yyyy'),'2398DJ239DH2398D');
INSERT INTO 	Stipendio(numero_bollo,denaro,data_erogazione,cf_lav)		VALUES('1f6j9rq93pr0re','1200',to_date('03/11/2019','dd/mm/yyyy'),'238DJ23ID9H3298J');
INSERT INTO 	Stipendio(numero_bollo,denaro,data_erogazione,cf_lav)		VALUES('otzmxvkarc5umg','1200',to_date('03/11/2019','dd/mm/yyyy'),'9238DJ3DI23DH3UU');
INSERT INTO 	Stipendio(numero_bollo,denaro,data_erogazione,cf_lav)		VALUES('zfk1k616om85fk','1200',to_date('03/11/2019','dd/mm/yyyy'),'238DJ3I23D8293DU');
INSERT INTO 	Stipendio(numero_bollo,denaro,data_erogazione,cf_lav)		VALUES('smwuhfzts8n9f0','1200',to_date('03/11/2019','dd/mm/yyyy'),'23DUH32IDU37DH3U');
INSERT INTO 	Stipendio(numero_bollo,denaro,data_erogazione,cf_lav)		VALUES('a2vl14jisiilci','1200',to_date('03/11/2019','dd/mm/yyyy'),'2938DJ2I3D3289JJ');
INSERT INTO 	Stipendio(numero_bollo,denaro,data_erogazione,cf_lav)		VALUES('klrqz6432um4tc','1200',to_date('03/11/2019','dd/mm/yyyy'),'9238DJ3I2O3DJIOI');
INSERT INTO 	Stipendio(numero_bollo,denaro,data_erogazione,cf_lav)		VALUES('rjgk5aeo1i3479','1400',to_date('03/11/2019','dd/mm/yyyy'),'238DJ3DI3H23JO2I');
INSERT INTO 	Stipendio(numero_bollo,denaro,data_erogazione,cf_lav)		VALUES('248y3gne5pzts5','1400',to_date('03/11/2019','dd/mm/yyyy'),'9238DJ32IO3JD23J');
INSERT INTO 	Stipendio(numero_bollo,denaro,data_erogazione,cf_lav)		VALUES('wkzvtf4g467jcr','1400',to_date('03/11/2019','dd/mm/yyyy'),'23IDJ32DH32I2UHU');
INSERT INTO 	Stipendio(numero_bollo,denaro,data_erogazione,cf_lav)		VALUES('58waexnd1mcx5c','1400',to_date('03/11/2019','dd/mm/yyyy'),'2938DH32UIDH32IH');
INSERT INTO 	Stipendio(numero_bollo,denaro,data_erogazione,cf_lav)		VALUES('sso6a4fj6n78bt','1400',to_date('03/11/2019','dd/mm/yyyy'),'2938DH23UDIH23UD');
INSERT INTO 	Stipendio(numero_bollo,denaro,data_erogazione,cf_lav)		VALUES('rnpz2a2q02n1nq','1400',to_date('03/11/2019','dd/mm/yyyy'),'2938DJ3DJ2U3IHDH');
INSERT INTO 	Stipendio(numero_bollo,denaro,data_erogazione,cf_lav)		VALUES('apcmosjcvd15nj','1400',to_date('03/11/2019','dd/mm/yyyy'),'23UDH23IDU32DBDH');
INSERT INTO 	Stipendio(numero_bollo,denaro,data_erogazione,cf_lav)		VALUES('i288oohvbi3b37','1400',to_date('03/11/2019','dd/mm/yyyy'),'2I3DH23D893DHUHD');
INSERT INTO 	Stipendio(numero_bollo,denaro,data_erogazione,cf_lav)		VALUES('8550njq67neyvi','1400',to_date('03/11/2019','dd/mm/yyyy'),'23UD8H2389DJDJQH');
INSERT INTO 	Stipendio(numero_bollo,denaro,data_erogazione,cf_lav)		VALUES('6c7htvg8te509t','1400',to_date('03/11/2019','dd/mm/yyyy'),'9238DH3UIUHD3U2H');
INSERT INTO 	Stipendio(numero_bollo,denaro,data_erogazione,cf_lav)		VALUES('e4gkeu4hjpvl3d','1400',to_date('03/11/2019','dd/mm/yyyy'),'2938DH2U3IDH3UDH');
INSERT INTO 	Stipendio(numero_bollo,denaro,data_erogazione,cf_lav)		VALUES('fsjbz7zk5tssjf','1400',to_date('03/11/2019','dd/mm/yyyy'),'HDU3I23DH3U2I98U');
INSERT INTO 	Stipendio(numero_bollo,denaro,data_erogazione,cf_lav)		VALUES('ppbmfnyy362jq1','1400',to_date('03/11/2019','dd/mm/yyyy'),'DH3U2938DU32JDJJ');
INSERT INTO 	Stipendio(numero_bollo,denaro,data_erogazione,cf_lav)		VALUES('tzpe4ve0klf0tq','1400',to_date('03/11/2019','dd/mm/yyyy'),'23JHDBH32IUD2UHD');
INSERT INTO 	Stipendio(numero_bollo,denaro,data_erogazione,cf_lav)		VALUES('4lm21ion2dys0a','1400',to_date('03/11/2019','dd/mm/yyyy'),'23IUDH23UIDH3NDU');
INSERT INTO 	Stipendio(numero_bollo,denaro,data_erogazione,cf_lav)		VALUES('9wj3a4lvbtspr1','1400',to_date('03/11/2019','dd/mm/yyyy'),'2I3UDH32D3JID23U');
INSERT INTO 	Stipendio(numero_bollo,denaro,data_erogazione,cf_lav)		VALUES('bvkhz8cwojqhxr','1400',to_date('03/11/2019','dd/mm/yyyy'),'3IUDH2DDN2J3IU2U');
INSERT INTO 	Stipendio(numero_bollo,denaro,data_erogazione,cf_lav)		VALUES('d323vf3lw9vg2m','1400',to_date('03/11/2019','dd/mm/yyyy'),'I23UDH3UI2UHU3D3');
INSERT INTO 	Stipendio(numero_bollo,denaro,data_erogazione,cf_lav)		VALUES('2z1k06vmbb7m8s','1400',to_date('03/11/2019','dd/mm/yyyy'),'2I3UDH3U238DH328');
INSERT INTO 	Stipendio(numero_bollo,denaro,data_erogazione,cf_lav)		VALUES('k49hd5918pk7xu','1400',to_date('03/11/2019','dd/mm/yyyy'),'238DH3298DH3828H');
INSERT INTO 	Stipendio(numero_bollo,denaro,data_erogazione,cf_lav)		VALUES('gc0qn9dt6wup5x','1400',to_date('03/11/2019','dd/mm/yyyy'),'2I3UDH38293DJ388');
INSERT INTO 	Stipendio(numero_bollo,denaro,data_erogazione,cf_lav)		VALUES('5pkc3a2tndugtj','1400',to_date('03/11/2019','dd/mm/yyyy'),'2I3DH238923DH289');
INSERT INTO 	Stipendio(numero_bollo,denaro,data_erogazione,cf_lav)		VALUES('1btn81korlsgw8','1400',to_date('03/11/2019','dd/mm/yyyy'),'23DH8293DH32J809');
INSERT INTO 	Stipendio(numero_bollo,denaro,data_erogazione,cf_lav)		VALUES('mlo2u0o2fufzhd','1400',to_date('03/11/2019','dd/mm/yyyy'),'UD83923D8H3DJ832');
INSERT INTO 	Stipendio(numero_bollo,denaro,data_erogazione,cf_lav)		VALUES('2cak6cpzqjxskn','1400',to_date('03/11/2019','dd/mm/yyyy'),'9238DJ3DD3JD2JDN');
INSERT INTO 	Stipendio(numero_bollo,denaro,data_erogazione,cf_lav)		VALUES('b17psuu2kv3nsp','1400',to_date('03/11/2019','dd/mm/yyyy'),'9D3JDIQOWJD38299');
INSERT INTO 	Stipendio(numero_bollo,denaro,data_erogazione,cf_lav)		VALUES('2n1z3odjlf9r5x','1400',to_date('03/11/2019','dd/mm/yyyy'),'2983DHJQWDHU23HH');
INSERT INTO 	Stipendio(numero_bollo,denaro,data_erogazione,cf_lav)		VALUES('w9r8nx87ie46fl','1400',to_date('03/11/2019','dd/mm/yyyy'),'2983DJ23DJ23IODH');
INSERT INTO 	Stipendio(numero_bollo,denaro,data_erogazione,cf_lav)		VALUES('erkqi48wb34ge2','1400',to_date('03/11/2019','dd/mm/yyyy'),'298WJD2893DH8299');
INSERT INTO 	Stipendio(numero_bollo,denaro,data_erogazione,cf_lav)		VALUES('1wxr76gdyhbhh9','1400',to_date('03/11/2019','dd/mm/yyyy'),'DHUDBEDN38923DHD');
INSERT INTO 	Stipendio(numero_bollo,denaro,data_erogazione,cf_lav)		VALUES('4biu81s1i72pxw','1400',to_date('03/11/2019','dd/mm/yyyy'),'D329IO3JD2983JDD');
INSERT INTO 	Stipendio(numero_bollo,denaro,data_erogazione,cf_lav)		VALUES('y6t2fd0sbzrkxv','1400',to_date('03/11/2019','dd/mm/yyyy'),'23UDH3I2D23728HD');
INSERT INTO 	Stipendio(numero_bollo,denaro,data_erogazione,cf_lav)		VALUES('epwgkan6nrebla','1400',to_date('03/11/2019','dd/mm/yyyy'),'DHU323IU2H38D3DH');
INSERT INTO 	Stipendio(numero_bollo,denaro,data_erogazione,cf_lav)		VALUES('smwnk62bc74wr2','1400',to_date('03/11/2019','dd/mm/yyyy'),'DH2UI3U28D3JDM3I');
INSERT INTO 	Stipendio(numero_bollo,denaro,data_erogazione,cf_lav)		VALUES('k0dl8joc4xkpx2','1400',to_date('03/11/2019','dd/mm/yyyy'),'DH38293DJ23DH33U');
INSERT INTO 	Stipendio(numero_bollo,denaro,data_erogazione,cf_lav)		VALUES('ancainr9cvajgj','1400',to_date('03/11/2019','dd/mm/yyyy'),'238D23DUI23DHHD8');
INSERT INTO 	Stipendio(numero_bollo,denaro,data_erogazione,cf_lav)		VALUES('j8mmrl49ca3jnb','1400',to_date('03/11/2019','dd/mm/yyyy'),'2I3DH238D923DJIJ');
INSERT INTO 	Stipendio(numero_bollo,denaro,data_erogazione,cf_lav)		VALUES('72w1uxiaofe0r5','1400',to_date('03/11/2019','dd/mm/yyyy'),'2938DU32IDH3IUDH');
INSERT INTO 	Stipendio(numero_bollo,denaro,data_erogazione,cf_lav)		VALUES('7vi492jvhd69m8','1400',to_date('03/11/2019','dd/mm/yyyy'),'2398DH32HDU28392');
INSERT INTO 	Stipendio(numero_bollo,denaro,data_erogazione,cf_lav)		VALUES('7uees0ylt7hznc','1400',to_date('03/11/2019','dd/mm/yyyy'),'2938DH23DH329H8D');
INSERT INTO 	Stipendio(numero_bollo,denaro,data_erogazione,cf_lav)		VALUES('7f9jbo7l4ptlwh','1400',to_date('03/11/2019','dd/mm/yyyy'),'I23UDH3UD2IHDU32');
INSERT INTO 	Stipendio(numero_bollo,denaro,data_erogazione,cf_lav)		VALUES('e16owd2lz7ggh6','1400',to_date('03/11/2019','dd/mm/yyyy'),'2938DH32IUD23H32');
INSERT INTO 	Stipendio(numero_bollo,denaro,data_erogazione,cf_lav)		VALUES('giqf8q7f4eb25a','1400',to_date('03/11/2019','dd/mm/yyyy'),'2938DJ2I3DH3DH2I');
INSERT INTO 	Stipendio(numero_bollo,denaro,data_erogazione,cf_lav)		VALUES('popwj5pidh92k7','1400',to_date('03/11/2019','dd/mm/yyyy'),'9238DH32UIDU3DDH');
INSERT INTO 	Stipendio(numero_bollo,denaro,data_erogazione,cf_lav)		VALUES('8ktah0f8babcpu','1400',to_date('03/11/2019','dd/mm/yyyy'),'2938DH3U2DIHD722');
INSERT INTO 	Stipendio(numero_bollo,denaro,data_erogazione,cf_lav)		VALUES('0b5fmagz0ezknl','1400',to_date('03/11/2019','dd/mm/yyyy'),'2938DH3U2D2U3HDH');
INSERT INTO 	Stipendio(numero_bollo,denaro,data_erogazione,cf_lav)		VALUES('8xilod10gslo2c','1400',to_date('03/11/2019','dd/mm/yyyy'),'2387DH23UID2872D');
INSERT INTO 	Stipendio(numero_bollo,denaro,data_erogazione,cf_lav)		VALUES('n79to4rcehm3jr','1400',to_date('03/11/2019','dd/mm/yyyy'),'DNCHEU2EY23DUH2N');
INSERT INTO 	Stipendio(numero_bollo,denaro,data_erogazione,cf_lav)		VALUES('eixcpux1rzgqgs','1400',to_date('03/11/2019','dd/mm/yyyy'),'23UDN3DB3YDHDU38');
INSERT INTO 	Stipendio(numero_bollo,denaro,data_erogazione,cf_lav)		VALUES('drrh8s83opfv1q','1400',to_date('03/11/2019','dd/mm/yyyy'),'DU3IDH23UDHIUHHD');
INSERT INTO 	Stipendio(numero_bollo,denaro,data_erogazione,cf_lav)		VALUES('vlxs5lyv2lic89','1400',to_date('03/11/2019','dd/mm/yyyy'),'2938DHU3D37HDUH3');
INSERT INTO 	Stipendio(numero_bollo,denaro,data_erogazione,cf_lav)		VALUES('ap0s9rx569cuz8','1400',to_date('03/11/2019','dd/mm/yyyy'),'DHU2I3DH2U3IDHDU');
INSERT INTO 	Stipendio(numero_bollo,denaro,data_erogazione,cf_lav)		VALUES('btidayyj0jseb9','1400',to_date('03/11/2019','dd/mm/yyyy'),'DHU32I3DH23UDHHD');
INSERT INTO 	Stipendio(numero_bollo,denaro,data_erogazione,cf_lav)		VALUES('6eeht2v82ppftq','1400',to_date('03/11/2019','dd/mm/yyyy'),'DHU32I3DH2I3UDHD');
INSERT INTO 	Stipendio(numero_bollo,denaro,data_erogazione,cf_lav)		VALUES('q9u69zyhxbxs8w','1400',to_date('03/11/2019','dd/mm/yyyy'),'2387DHU32ID23DHD');
INSERT INTO 	Stipendio(numero_bollo,denaro,data_erogazione,cf_lav)		VALUES('xz59gn1xcrgw31','1400',to_date('03/11/2019','dd/mm/yyyy'),'237DHU32IDHU32ID');
INSERT INTO 	Stipendio(numero_bollo,denaro,data_erogazione,cf_lav)		VALUES('mbka4iixn3r7xj','1400',to_date('03/11/2019','dd/mm/yyyy'),'DHU2I3DH23UD2DHH');
INSERT INTO 	Stipendio(numero_bollo,denaro,data_erogazione,cf_lav)		VALUES('vet3t3cpo0m0fy','1400',to_date('03/11/2019','dd/mm/yyyy'),'DHU2I3DH23UDH3HD');
INSERT INTO 	Stipendio(numero_bollo,denaro,data_erogazione,cf_lav)		VALUES('gt27k8jj0ije4w','1400',to_date('03/11/2019','dd/mm/yyyy'),'DHUI23DH32IDH3HH');
INSERT INTO 	Stipendio(numero_bollo,denaro,data_erogazione,cf_lav)		VALUES('l5me07y363zds7','1400',to_date('03/11/2019','dd/mm/yyyy'),'23IUDH2I3DH23UHD');
INSERT INTO 	Stipendio(numero_bollo,denaro,data_erogazione,cf_lav)		VALUES('ptmfvus0p81k0m','1400',to_date('03/11/2019','dd/mm/yyyy'),'23DUH23DH3UDHDU2');
INSERT INTO 	Stipendio(numero_bollo,denaro,data_erogazione,cf_lav)		VALUES('6eo3xuw0xrk5uj','1400',to_date('03/11/2019','dd/mm/yyyy'),'2IU3DH23IDH3U2HD');
INSERT INTO 	Stipendio(numero_bollo,denaro,data_erogazione,cf_lav)		VALUES('7b8ba5sludsc44','1400',to_date('03/11/2019','dd/mm/yyyy'),'2I3UD2H3UDH23HDD');
INSERT INTO 	Stipendio(numero_bollo,denaro,data_erogazione,cf_lav)		VALUES('my0gf6kye8ww0w','1400',to_date('03/11/2019','dd/mm/yyyy'),'I23UDH23DUH32DDH');
INSERT INTO 	Stipendio(numero_bollo,denaro,data_erogazione,cf_lav)		VALUES('0zmon7qt09xniu','1400',to_date('03/11/2019','dd/mm/yyyy'),'3I2UDHU23DH23782');
INSERT INTO 	Stipendio(numero_bollo,denaro,data_erogazione,cf_lav)		VALUES('41b8yksyfi1upk','1400',to_date('03/11/2019','dd/mm/yyyy'),'I2U3DHU23DHUD28H');
INSERT INTO 	Stipendio(numero_bollo,denaro,data_erogazione,cf_lav)		VALUES('cd71h11zfxk50t','1400',to_date('03/11/2019','dd/mm/yyyy'),'23DI23DH3U2IU3DH');
INSERT INTO 	Stipendio(numero_bollo,denaro,data_erogazione,cf_lav)		VALUES('mnpuksu2ckyaul','1400',to_date('03/11/2019','dd/mm/yyyy'),'23UJIDH2UI3DH23I');
INSERT INTO 	Stipendio(numero_bollo,denaro,data_erogazione,cf_lav)		VALUES('i3370xk1r4d6rw','1400',to_date('03/11/2019','dd/mm/yyyy'),'2IO3DH23U23DH3DH');
INSERT INTO 	Stipendio(numero_bollo,denaro,data_erogazione,cf_lav)		VALUES('pskhy1uyudlrd3','1400',to_date('03/11/2019','dd/mm/yyyy'),'2I3UDHU3DH23U7HU');
INSERT INTO 	Stipendio(numero_bollo,denaro,data_erogazione,cf_lav)		VALUES('hr5lrgpd4vjp70','1400',to_date('03/11/2019','dd/mm/yyyy'),'2I3DHU237D23UDIB');
INSERT INTO 	Stipendio(numero_bollo,denaro,data_erogazione,cf_lav)		VALUES('3qa331zx58zlad','1400',to_date('03/11/2019','dd/mm/yyyy'),'WIEUH37W8EUHWIEI');
INSERT INTO 	Stipendio(numero_bollo,denaro,data_erogazione,cf_lav)		VALUES('n3dz9ll3e4domp','1400',to_date('03/11/2019','dd/mm/yyyy'),'EWIUCHC7EHFEUIWH');
INSERT INTO 	Stipendio(numero_bollo,denaro,data_erogazione,cf_lav)		VALUES('n79lsbrd1uq72d','1400',to_date('03/11/2019','dd/mm/yyyy'),'WIEU7E3UHFDEWIUH');
INSERT INTO 	Stipendio(numero_bollo,denaro,data_erogazione,cf_lav)		VALUES('5iweqj8njbmh78','1700',to_date('03/11/2019','dd/mm/yyyy'),'WEUCHEW78E33HDUH');
INSERT INTO 	Stipendio(numero_bollo,denaro,data_erogazione,cf_lav)		VALUES('z6giv53e0yx3am','1700',to_date('03/11/2019','dd/mm/yyyy'),'WEUHCWE8W3UQDJEU');
INSERT INTO 	Stipendio(numero_bollo,denaro,data_erogazione,cf_lav)		VALUES('0i08gh799uir8o','1700',to_date('03/11/2019','dd/mm/yyyy'),'WOIEUCHEW87EUJWO');
INSERT INTO 	Stipendio(numero_bollo,denaro,data_erogazione,cf_lav)		VALUES('227fxqzj898fgw','1700',to_date('03/11/2019','dd/mm/yyyy'),'WIUECHUEICUIWO89');
INSERT INTO 	Stipendio(numero_bollo,denaro,data_erogazione,cf_lav)		VALUES('w10hbvbwy748xh','1700',to_date('03/11/2019','dd/mm/yyyy'),'WDJCHBYWCUWE889U');
INSERT INTO 	Stipendio(numero_bollo,denaro,data_erogazione,cf_lav)		VALUES('i42biistfy5xsl','1700',to_date('03/11/2019','dd/mm/yyyy'),'WEIUCHW8789WDJDJ');
INSERT INTO 	Stipendio(numero_bollo,denaro,data_erogazione,cf_lav)		VALUES('kn3o8i9i4nxt0q','1700',to_date('03/11/2019','dd/mm/yyyy'),'WEDCUW8W39WW38DJ');
INSERT INTO 	Stipendio(numero_bollo,denaro,data_erogazione,cf_lav)		VALUES('xgnftcyxnrw7op','1700',to_date('03/11/2019','dd/mm/yyyy'),'WEOICUE8W9W3JDJD');
INSERT INTO 	Stipendio(numero_bollo,denaro,data_erogazione,cf_lav)		VALUES('0jcla1vcb0dx09','1700',to_date('03/11/2019','dd/mm/yyyy'),'WEIUDHWEI3893UDJ');
INSERT INTO 	Stipendio(numero_bollo,denaro,data_erogazione,cf_lav)		VALUES('w5kuh12txqfrrf','1700',to_date('03/11/2019','dd/mm/yyyy'),'WOIJEWE98DUWIEDJ');
INSERT INTO 	Stipendio(numero_bollo,denaro,data_erogazione,cf_lav)		VALUES('yw0wdm0hzlegsy','1700',to_date('03/11/2019','dd/mm/yyyy'),'WOECW8W3HDEDDHUH');

INSERT INTO 	Stipendio(numero_bollo,denaro,data_erogazione,cf_lav)		VALUES('ejjbgskgk8o1yz','1800',to_date('03/12/2019','dd/mm/yyyy'),'UE9WFN39DH389HDJ');
INSERT INTO 	Stipendio(numero_bollo,denaro,data_erogazione,cf_lav)		VALUES('3o1dvpm03wabt4','1800',to_date('03/12/2019','dd/mm/yyyy'),'4RFJIR3O48JF398H');
INSERT INTO 	Stipendio(numero_bollo,denaro,data_erogazione,cf_lav)		VALUES('1aek03p0gb600w','1800',to_date('03/12/2019','dd/mm/yyyy'),'CEUIWEU8338HDCN8');
INSERT INTO 	Stipendio(numero_bollo,denaro,data_erogazione,cf_lav)		VALUES('6yyd5k2rakvbuw','1800',to_date('03/12/2019','dd/mm/yyyy'),'3827DB328DHDHDH7');
INSERT INTO 	Stipendio(numero_bollo,denaro,data_erogazione,cf_lav)		VALUES('kj6rkedik2zv85','1800',to_date('03/12/2019','dd/mm/yyyy'),'283DH3D37D823DHJ');
INSERT INTO 	Stipendio(numero_bollo,denaro,data_erogazione,cf_lav)		VALUES('4dnrfms28jmjyu','1800',to_date('03/12/2019','dd/mm/yyyy'),'2I3UDH382983DHHD');
INSERT INTO 	Stipendio(numero_bollo,denaro,data_erogazione,cf_lav)		VALUES('zuanvhezrr29u6','1800',to_date('03/12/2019','dd/mm/yyyy'),'237D8H3283DH3UI2');
INSERT INTO 	Stipendio(numero_bollo,denaro,data_erogazione,cf_lav)		VALUES('7nih9lt9zc9bh4','1800',to_date('03/12/2019','dd/mm/yyyy'),'2938DH3D38DUUU8J');
INSERT INTO 	Stipendio(numero_bollo,denaro,data_erogazione,cf_lav)		VALUES('e8ier9yet6jytg','1800',to_date('03/12/2019','dd/mm/yyyy'),'2938DH3UDH2JI238');
INSERT INTO 	Stipendio(numero_bollo,denaro,data_erogazione,cf_lav)		VALUES('1ry9p8ybyeyv9c','1800',to_date('03/12/2019','dd/mm/yyyy'),'2938DH23DJ3298J3');
INSERT INTO 	Stipendio(numero_bollo,denaro,data_erogazione,cf_lav)		VALUES('jvqk8tb0tebyz6','1800',to_date('03/12/2019','dd/mm/yyyy'),'2938DHJ3D2938DJJ');
INSERT INTO 	Stipendio(numero_bollo,denaro,data_erogazione,cf_lav)		VALUES('aebow5an6ke7hg','1800',to_date('03/12/2019','dd/mm/yyyy'),'239DH3293DJ2389J');
INSERT INTO 	Stipendio(numero_bollo,denaro,data_erogazione,cf_lav)		VALUES('m10ec11vfsffu9','1800',to_date('03/12/2019','dd/mm/yyyy'),'9238DH3JD293DM38');
INSERT INTO 	Stipendio(numero_bollo,denaro,data_erogazione,cf_lav)		VALUES('nrxddbl769vcd2','1800',to_date('03/12/2019','dd/mm/yyyy'),'823DH3UJDIO238HD');
INSERT INTO 	Stipendio(numero_bollo,denaro,data_erogazione,cf_lav)		VALUES('wjhosscnie6osz','1800',to_date('03/12/2019','dd/mm/yyyy'),'2398DHJ3D23JDD28');
INSERT INTO 	Stipendio(numero_bollo,denaro,data_erogazione,cf_lav)		VALUES('cseo9ntm0sc8fq','1800',to_date('03/12/2019','dd/mm/yyyy'),'9238DHJ3D32DJK22');
INSERT INTO 	Stipendio(numero_bollo,denaro,data_erogazione,cf_lav)		VALUES('0nzqczbcaaxs4q','1800',to_date('03/12/2019','dd/mm/yyyy'),'9283DJ23DK39283J');
INSERT INTO 	Stipendio(numero_bollo,denaro,data_erogazione,cf_lav)		VALUES('8s8irbz32dj8jg','1900',to_date('03/12/2019','dd/mm/yyyy'),'2398DJJ2QQKW38DJ');
INSERT INTO 	Stipendio(numero_bollo,denaro,data_erogazione,cf_lav)		VALUES('4bl7armyniv1az','1900',to_date('03/12/2019','dd/mm/yyyy'),'2938DJ23DJ329832');
INSERT INTO 	Stipendio(numero_bollo,denaro,data_erogazione,cf_lav)		VALUES('oe0x54etxw9jfp','1900',to_date('03/12/2019','dd/mm/yyyy'),'283DH3293JD2K093');
INSERT INTO 	Stipendio(numero_bollo,denaro,data_erogazione,cf_lav)		VALUES('mqnwrxvlunrf3b','1900',to_date('03/12/2019','dd/mm/yyyy'),'23UDJ3I29832DK99');
INSERT INTO 	Stipendio(numero_bollo,denaro,data_erogazione,cf_lav)		VALUES('unbka2idm21yl8','1900',to_date('03/12/2019','dd/mm/yyyy'),'2398DJ239DH2398D');
INSERT INTO 	Stipendio(numero_bollo,denaro,data_erogazione,cf_lav)		VALUES('deo0ds0g2y72v1','1900',to_date('03/12/2019','dd/mm/yyyy'),'238DJ23ID9H3298J');
INSERT INTO 	Stipendio(numero_bollo,denaro,data_erogazione,cf_lav)		VALUES('l37qz7m2cu1ls8','1900',to_date('03/12/2019','dd/mm/yyyy'),'9238DJ3DI23DH3UU');
INSERT INTO 	Stipendio(numero_bollo,denaro,data_erogazione,cf_lav)		VALUES('z56d2hgtj57oz6','1900',to_date('03/12/2019','dd/mm/yyyy'),'238DJ3I23D8293DU');
INSERT INTO 	Stipendio(numero_bollo,denaro,data_erogazione,cf_lav)		VALUES('6y3eq5tekcbmna','1900',to_date('03/12/2019','dd/mm/yyyy'),'23DUH32IDU37DH3U');
INSERT INTO 	Stipendio(numero_bollo,denaro,data_erogazione,cf_lav)		VALUES('9s5f2ao20hg2cv','1900',to_date('03/12/2019','dd/mm/yyyy'),'2938DJ2I3D3289JJ');
INSERT INTO 	Stipendio(numero_bollo,denaro,data_erogazione,cf_lav)		VALUES('flcjcyxobt8cxo','1900',to_date('03/12/2019','dd/mm/yyyy'),'9238DJ3I2O3DJIOI');
INSERT INTO 	Stipendio(numero_bollo,denaro,data_erogazione,cf_lav)		VALUES('qhnksjxcl3bzam','1900',to_date('03/12/2019','dd/mm/yyyy'),'238DJ3DI3H23JO2I');
INSERT INTO 	Stipendio(numero_bollo,denaro,data_erogazione,cf_lav)		VALUES('ptb6u8kf52s5hm','1900',to_date('03/12/2019','dd/mm/yyyy'),'9238DJ32IO3JD23J');
INSERT INTO 	Stipendio(numero_bollo,denaro,data_erogazione,cf_lav)		VALUES('d1kmodtbkicf2a','1900',to_date('03/12/2019','dd/mm/yyyy'),'23IDJ32DH32I2UHU');
INSERT INTO 	Stipendio(numero_bollo,denaro,data_erogazione,cf_lav)		VALUES('luoj3e3xuy1tqn','1900',to_date('03/12/2019','dd/mm/yyyy'),'2938DH32UIDH32IH');
INSERT INTO 	Stipendio(numero_bollo,denaro,data_erogazione,cf_lav)		VALUES('ha2wtkj65xq7yr','1900',to_date('03/12/2019','dd/mm/yyyy'),'2938DH23UDIH23UD');
INSERT INTO 	Stipendio(numero_bollo,denaro,data_erogazione,cf_lav)		VALUES('cy0nhf1nfou4sm','1900',to_date('03/12/2019','dd/mm/yyyy'),'2938DJ3DJ2U3IHDH');
INSERT INTO 	Stipendio(numero_bollo,denaro,data_erogazione,cf_lav)		VALUES('65i05scnjogkpm','1900',to_date('03/12/2019','dd/mm/yyyy'),'23UDH23IDU32DBDH');
INSERT INTO 	Stipendio(numero_bollo,denaro,data_erogazione,cf_lav)		VALUES('mgqsig8f820bhz','1900',to_date('03/12/2019','dd/mm/yyyy'),'2I3DH23D893DHUHD');
INSERT INTO 	Stipendio(numero_bollo,denaro,data_erogazione,cf_lav)		VALUES('mnzeuc86ang2jz','1900',to_date('03/12/2019','dd/mm/yyyy'),'23UD8H2389DJDJQH');
INSERT INTO 	Stipendio(numero_bollo,denaro,data_erogazione,cf_lav)		VALUES('wpx3p26z4olj86','1900',to_date('03/12/2019','dd/mm/yyyy'),'9238DH3UIUHD3U2H');
INSERT INTO 	Stipendio(numero_bollo,denaro,data_erogazione,cf_lav)		VALUES('s72aqw59jbl3ld','1900',to_date('03/12/2019','dd/mm/yyyy'),'2938DH2U3IDH3UDH');
INSERT INTO 	Stipendio(numero_bollo,denaro,data_erogazione,cf_lav)		VALUES('uif485kcwne0zx','1900',to_date('03/12/2019','dd/mm/yyyy'),'HDU3I23DH3U2I98U');
INSERT INTO 	Stipendio(numero_bollo,denaro,data_erogazione,cf_lav)		VALUES('kreeo4gr8m40hy','1900',to_date('03/12/2019','dd/mm/yyyy'),'DH3U2938DU32JDJJ');
INSERT INTO 	Stipendio(numero_bollo,denaro,data_erogazione,cf_lav)		VALUES('k07a6tnm31hl4j','1900',to_date('03/12/2019','dd/mm/yyyy'),'23JHDBH32IUD2UHD');
INSERT INTO 	Stipendio(numero_bollo,denaro,data_erogazione,cf_lav)		VALUES('e43h0rix2numrj','1900',to_date('03/12/2019','dd/mm/yyyy'),'23IUDH23UIDH3NDU');
INSERT INTO 	Stipendio(numero_bollo,denaro,data_erogazione,cf_lav)		VALUES('86anfkyfnlpby8','1900',to_date('03/12/2019','dd/mm/yyyy'),'2I3UDH32D3JID23U');
INSERT INTO 	Stipendio(numero_bollo,denaro,data_erogazione,cf_lav)		VALUES('46ifkgkbbo9x8y','1900',to_date('03/12/2019','dd/mm/yyyy'),'3IUDH2DDN2J3IU2U');
INSERT INTO 	Stipendio(numero_bollo,denaro,data_erogazione,cf_lav)		VALUES('lq37mz7sqhmcd6','1900',to_date('03/12/2019','dd/mm/yyyy'),'I23UDH3UI2UHU3D3');
INSERT INTO 	Stipendio(numero_bollo,denaro,data_erogazione,cf_lav)		VALUES('4fk2xpodk9kvpd','1900',to_date('03/12/2019','dd/mm/yyyy'),'2I3UDH3U238DH328');
INSERT INTO 	Stipendio(numero_bollo,denaro,data_erogazione,cf_lav)		VALUES('cqpkopfkjhxqjv','1900',to_date('03/12/2019','dd/mm/yyyy'),'238DH3298DH3828H');
INSERT INTO 	Stipendio(numero_bollo,denaro,data_erogazione,cf_lav)		VALUES('ygdi78pc44d6s1','1900',to_date('03/12/2019','dd/mm/yyyy'),'2I3UDH38293DJ388');
INSERT INTO 	Stipendio(numero_bollo,denaro,data_erogazione,cf_lav)		VALUES('8kq30scddsdafl','1900',to_date('03/12/2019','dd/mm/yyyy'),'2I3DH238923DH289');
INSERT INTO 	Stipendio(numero_bollo,denaro,data_erogazione,cf_lav)		VALUES('rvnreo96ozw4rl','1900',to_date('03/12/2019','dd/mm/yyyy'),'23DH8293DH32J809');
INSERT INTO 	Stipendio(numero_bollo,denaro,data_erogazione,cf_lav)		VALUES('2ae0k5mrm0p9cu','1900',to_date('03/12/2019','dd/mm/yyyy'),'UD83923D8H3DJ832');
INSERT INTO 	Stipendio(numero_bollo,denaro,data_erogazione,cf_lav)		VALUES('dacp3w6vnxjjls','2199',to_date('03/12/2019','dd/mm/yyyy'),'9238DJ3DD3JD2JDN');
INSERT INTO 	Stipendio(numero_bollo,denaro,data_erogazione,cf_lav)		VALUES('yaqb4l7dmjxbkq','2199',to_date('03/12/2019','dd/mm/yyyy'),'9D3JDIQOWJD38299');
INSERT INTO 	Stipendio(numero_bollo,denaro,data_erogazione,cf_lav)		VALUES('rlnziq6hb5u9fb','2199',to_date('03/12/2019','dd/mm/yyyy'),'2983DHJQWDHU23HH');
INSERT INTO 	Stipendio(numero_bollo,denaro,data_erogazione,cf_lav)		VALUES('3sceib9ukze2xy','2199',to_date('03/12/2019','dd/mm/yyyy'),'2983DJ23DJ23IODH');
INSERT INTO 	Stipendio(numero_bollo,denaro,data_erogazione,cf_lav)		VALUES('9ufn750x1lionh','2199',to_date('03/12/2019','dd/mm/yyyy'),'298WJD2893DH8299');
INSERT INTO 	Stipendio(numero_bollo,denaro,data_erogazione,cf_lav)		VALUES('z3vvy215wee5f0','2199',to_date('03/12/2019','dd/mm/yyyy'),'DHUDBEDN38923DHD');
INSERT INTO 	Stipendio(numero_bollo,denaro,data_erogazione,cf_lav)		VALUES('wf323er5502n49','2199',to_date('03/12/2019','dd/mm/yyyy'),'D329IO3JD2983JDD');
INSERT INTO 	Stipendio(numero_bollo,denaro,data_erogazione,cf_lav)		VALUES('lq2mf0gcoos3pb','2199',to_date('03/12/2019','dd/mm/yyyy'),'23UDH3I2D23728HD');
INSERT INTO 	Stipendio(numero_bollo,denaro,data_erogazione,cf_lav)		VALUES('e0cpenibe43h3v','2199',to_date('03/12/2019','dd/mm/yyyy'),'DHU323IU2H38D3DH');
INSERT INTO 	Stipendio(numero_bollo,denaro,data_erogazione,cf_lav)		VALUES('9c8qn7e5ukwsn2','2199',to_date('03/12/2019','dd/mm/yyyy'),'DH2UI3U28D3JDM3I');
INSERT INTO 	Stipendio(numero_bollo,denaro,data_erogazione,cf_lav)		VALUES('88ovp79bsi3ey5','2199',to_date('03/12/2019','dd/mm/yyyy'),'DH38293DJ23DH33U');
INSERT INTO 	Stipendio(numero_bollo,denaro,data_erogazione,cf_lav)		VALUES('w1c45s04ttz9um','2199',to_date('03/12/2019','dd/mm/yyyy'),'238D23DUI23DHHD8');
INSERT INTO 	Stipendio(numero_bollo,denaro,data_erogazione,cf_lav)		VALUES('09pdycp1pu88in','2199',to_date('03/12/2019','dd/mm/yyyy'),'2I3DH238D923DJIJ');
INSERT INTO 	Stipendio(numero_bollo,denaro,data_erogazione,cf_lav)		VALUES('8gvn8q1t1tuo14','2199',to_date('03/12/2019','dd/mm/yyyy'),'2938DU32IDH3IUDH');
INSERT INTO 	Stipendio(numero_bollo,denaro,data_erogazione,cf_lav)		VALUES('4fqfxd2swm0556','2199',to_date('03/12/2019','dd/mm/yyyy'),'2398DH32HDU28392');
INSERT INTO 	Stipendio(numero_bollo,denaro,data_erogazione,cf_lav)		VALUES('s0bs8votasx8vd','2199',to_date('03/12/2019','dd/mm/yyyy'),'2938DH23DH329H8D');
INSERT INTO 	Stipendio(numero_bollo,denaro,data_erogazione,cf_lav)		VALUES('82mcs46vj4krh5','2199',to_date('03/12/2019','dd/mm/yyyy'),'I23UDH3UD2IHDU32');
INSERT INTO 	Stipendio(numero_bollo,denaro,data_erogazione,cf_lav)		VALUES('qsesrrmcvvsfn0','2199',to_date('03/12/2019','dd/mm/yyyy'),'2938DH32IUD23H32');
INSERT INTO 	Stipendio(numero_bollo,denaro,data_erogazione,cf_lav)		VALUES('3erx037hqcs41h','2199',to_date('03/12/2019','dd/mm/yyyy'),'2938DJ2I3DH3DH2I');
INSERT INTO 	Stipendio(numero_bollo,denaro,data_erogazione,cf_lav)		VALUES('h558w1onml0yrk','2199',to_date('03/12/2019','dd/mm/yyyy'),'9238DH32UIDU3DDH');
INSERT INTO 	Stipendio(numero_bollo,denaro,data_erogazione,cf_lav)		VALUES('xk5wa1udxbtexs','2199',to_date('03/12/2019','dd/mm/yyyy'),'2938DH3U2DIHD722');
INSERT INTO 	Stipendio(numero_bollo,denaro,data_erogazione,cf_lav)		VALUES('aetnf82cmeydpm','2199',to_date('03/12/2019','dd/mm/yyyy'),'2938DH3U2D2U3HDH');
INSERT INTO 	Stipendio(numero_bollo,denaro,data_erogazione,cf_lav)		VALUES('4bgrb70vs3ch1f','2199',to_date('03/12/2019','dd/mm/yyyy'),'2387DH23UID2872D');
INSERT INTO 	Stipendio(numero_bollo,denaro,data_erogazione,cf_lav)		VALUES('1p2jxls80tkigt','2200',to_date('03/12/2019','dd/mm/yyyy'),'DNCHEU2EY23DUH2N');
INSERT INTO 	Stipendio(numero_bollo,denaro,data_erogazione,cf_lav)		VALUES('uwoqwnkh8ij6wy','2200',to_date('03/12/2019','dd/mm/yyyy'),'23UDN3DB3YDHDU38');
INSERT INTO 	Stipendio(numero_bollo,denaro,data_erogazione,cf_lav)		VALUES('o0or5pre9zjapo','2200',to_date('03/12/2019','dd/mm/yyyy'),'DU3IDH23UDHIUHHD');
INSERT INTO 	Stipendio(numero_bollo,denaro,data_erogazione,cf_lav)		VALUES('sa4vcvs2bz6z0m','2200',to_date('03/12/2019','dd/mm/yyyy'),'2938DHU3D37HDUH3');
INSERT INTO 	Stipendio(numero_bollo,denaro,data_erogazione,cf_lav)		VALUES('fmocdczpblz5zi','2200',to_date('03/12/2019','dd/mm/yyyy'),'DHU2I3DH2U3IDHDU');
INSERT INTO 	Stipendio(numero_bollo,denaro,data_erogazione,cf_lav)		VALUES('n7cw4st72qleug','2200',to_date('03/12/2019','dd/mm/yyyy'),'DHU32I3DH23UDHHD');
INSERT INTO 	Stipendio(numero_bollo,denaro,data_erogazione,cf_lav)		VALUES('5eoyxszl6kvlr4','2200',to_date('03/12/2019','dd/mm/yyyy'),'DHU32I3DH2I3UDHD');
INSERT INTO 	Stipendio(numero_bollo,denaro,data_erogazione,cf_lav)		VALUES('08ey465a1vd75j','2200',to_date('03/12/2019','dd/mm/yyyy'),'2387DHU32ID23DHD');
INSERT INTO 	Stipendio(numero_bollo,denaro,data_erogazione,cf_lav)		VALUES('i1s3xuhrri19mz','2200',to_date('03/12/2019','dd/mm/yyyy'),'237DHU32IDHU32ID');
INSERT INTO 	Stipendio(numero_bollo,denaro,data_erogazione,cf_lav)		VALUES('j41jipvrj9tueh','2200',to_date('03/12/2019','dd/mm/yyyy'),'DHU2I3DH23UD2DHH');
INSERT INTO 	Stipendio(numero_bollo,denaro,data_erogazione,cf_lav)		VALUES('kiloajd135lz56','2200',to_date('03/12/2019','dd/mm/yyyy'),'DHU2I3DH23UDH3HD');
INSERT INTO 	Stipendio(numero_bollo,denaro,data_erogazione,cf_lav)		VALUES('jx9s0pv3qvqsv4','2200',to_date('03/12/2019','dd/mm/yyyy'),'DHUI23DH32IDH3HH');
INSERT INTO 	Stipendio(numero_bollo,denaro,data_erogazione,cf_lav)		VALUES('8tqoq8apdakgf6','2200',to_date('03/12/2019','dd/mm/yyyy'),'23IUDH2I3DH23UHD');
INSERT INTO 	Stipendio(numero_bollo,denaro,data_erogazione,cf_lav)		VALUES('a7p9kskz3mdhok','2200',to_date('03/12/2019','dd/mm/yyyy'),'23DUH23DH3UDHDU2');
INSERT INTO 	Stipendio(numero_bollo,denaro,data_erogazione,cf_lav)		VALUES('hjct07gcyxl19u','2200',to_date('03/12/2019','dd/mm/yyyy'),'2IU3DH23IDH3U2HD');
INSERT INTO 	Stipendio(numero_bollo,denaro,data_erogazione,cf_lav)		VALUES('0n2h941p76cp9z','2200',to_date('03/12/2019','dd/mm/yyyy'),'2I3UD2H3UDH23HDD');
INSERT INTO 	Stipendio(numero_bollo,denaro,data_erogazione,cf_lav)		VALUES('pbrvvq60htoe2a','2200',to_date('03/12/2019','dd/mm/yyyy'),'I23UDH23DUH32DDH');
INSERT INTO 	Stipendio(numero_bollo,denaro,data_erogazione,cf_lav)		VALUES('xlg2sfo08gvk9b','2200',to_date('03/12/2019','dd/mm/yyyy'),'3I2UDHU23DH23782');
INSERT INTO 	Stipendio(numero_bollo,denaro,data_erogazione,cf_lav)		VALUES('2m5boj6nxevaoy','2200',to_date('03/12/2019','dd/mm/yyyy'),'I2U3DHU23DHUD28H');
INSERT INTO 	Stipendio(numero_bollo,denaro,data_erogazione,cf_lav)		VALUES('8pjdc33pdhn5j9','2200',to_date('03/12/2019','dd/mm/yyyy'),'23DI23DH3U2IU3DH');
INSERT INTO 	Stipendio(numero_bollo,denaro,data_erogazione,cf_lav)		VALUES('x47blo0ovf5ea2','2200',to_date('03/12/2019','dd/mm/yyyy'),'23UJIDH2UI3DH23I');
INSERT INTO 	Stipendio(numero_bollo,denaro,data_erogazione,cf_lav)		VALUES('jxe7wecumo7jwn','2200',to_date('03/12/2019','dd/mm/yyyy'),'2IO3DH23U23DH3DH');
INSERT INTO 	Stipendio(numero_bollo,denaro,data_erogazione,cf_lav)		VALUES('r9eofb04byim6z','2200',to_date('03/12/2019','dd/mm/yyyy'),'2I3UDHU3DH23U7HU');
INSERT INTO 	Stipendio(numero_bollo,denaro,data_erogazione,cf_lav)		VALUES('0rl4mx7z7u7hu9','2200',to_date('03/12/2019','dd/mm/yyyy'),'2I3DHU237D23UDIB');
INSERT INTO 	Stipendio(numero_bollo,denaro,data_erogazione,cf_lav)		VALUES('6evzlkr6bvybhh','2200',to_date('03/12/2019','dd/mm/yyyy'),'WIEUH37W8EUHWIEI');
INSERT INTO 	Stipendio(numero_bollo,denaro,data_erogazione,cf_lav)		VALUES('rt2d9nfm4s9u5g','2200',to_date('03/12/2019','dd/mm/yyyy'),'EWIUCHC7EHFEUIWH');
INSERT INTO 	Stipendio(numero_bollo,denaro,data_erogazione,cf_lav)		VALUES('mufx4c6ey2ppzv','2200',to_date('03/12/2019','dd/mm/yyyy'),'WIEU7E3UHFDEWIUH');
INSERT INTO 	Stipendio(numero_bollo,denaro,data_erogazione,cf_lav)		VALUES('7um9hp3lx83mzn','2200',to_date('03/12/2019','dd/mm/yyyy'),'WEUCHEW78E33HDUH');
INSERT INTO 	Stipendio(numero_bollo,denaro,data_erogazione,cf_lav)		VALUES('e1o1ylqkt8z4yl','2200',to_date('03/12/2019','dd/mm/yyyy'),'WEUHCWE8W3UQDJEU');
INSERT INTO 	Stipendio(numero_bollo,denaro,data_erogazione,cf_lav)		VALUES('4sjwe6nmxqkaeg','2200',to_date('03/12/2019','dd/mm/yyyy'),'WOIEUCHEW87EUJWO');
INSERT INTO 	Stipendio(numero_bollo,denaro,data_erogazione,cf_lav)		VALUES('dh5yw3q9ya7lp9','2400',to_date('03/12/2019','dd/mm/yyyy'),'WIUECHUEICUIWO89');
INSERT INTO 	Stipendio(numero_bollo,denaro,data_erogazione,cf_lav)		VALUES('fos503z9lg322u','2400',to_date('03/12/2019','dd/mm/yyyy'),'WDJCHBYWCUWE889U');
INSERT INTO 	Stipendio(numero_bollo,denaro,data_erogazione,cf_lav)		VALUES('gf7tqyahb7wr2w','2400',to_date('03/12/2019','dd/mm/yyyy'),'WEIUCHW8789WDJDJ');
INSERT INTO 	Stipendio(numero_bollo,denaro,data_erogazione,cf_lav)		VALUES('6k689j7uz341gv','2400',to_date('03/12/2019','dd/mm/yyyy'),'WEDCUW8W39WW38DJ');
INSERT INTO 	Stipendio(numero_bollo,denaro,data_erogazione,cf_lav)		VALUES('bu0ti78xhar76p','2400',to_date('03/12/2019','dd/mm/yyyy'),'WEOICUE8W9W3JDJD');
INSERT INTO 	Stipendio(numero_bollo,denaro,data_erogazione,cf_lav)		VALUES('m1jzyw6atd3bfy','2400',to_date('03/12/2019','dd/mm/yyyy'),'WEIUDHWEI3893UDJ');
INSERT INTO 	Stipendio(numero_bollo,denaro,data_erogazione,cf_lav)		VALUES('vpbw2rrwg3hckp','2400',to_date('03/12/2019','dd/mm/yyyy'),'WOIJEWE98DUWIEDJ');
INSERT INTO 	Stipendio(numero_bollo,denaro,data_erogazione,cf_lav)		VALUES('5en9yesi2i5m86','2400',to_date('03/12/2019','dd/mm/yyyy'),'WOECW8W3HDEDDHUH');


