--%%%%%		CASA PRODUTTRICE
INSERT INTO		casaproduttrice(partita_iva,nome,nazionalita)		VALUES('26095833181','Mysidia','Danimarca');
INSERT INTO		casaproduttrice(partita_iva,nome,nazionalita)		VALUES('16295833231','Oerba','Cina');
INSERT INTO		casaproduttrice(partita_iva,nome,nazionalita)		VALUES('15495833151','Enlight','Cina');
INSERT INTO		casaproduttrice(partita_iva,nome,nazionalita)		VALUES('96215403351','Balamb','Islanda');
INSERT INTO		casaproduttrice(partita_iva,nome,nazionalita)		VALUES('06685623901','2K Games‎','America');
INSERT INTO		casaproduttrice(partita_iva,nome,nazionalita)		VALUES('38325448524','Electronic Arts','America');
INSERT INTO		casaproduttrice(partita_iva,nome,nazionalita)		VALUES('46774089041','Epic Games','America');
INSERT INTO		casaproduttrice(partita_iva,nome,nazionalita)		VALUES('16095373101','Ivalice','Italia');
INSERT INTO		casaproduttrice(partita_iva,nome,nazionalita)		VALUES('26385363891','Arcadia','Italia');
INSERT INTO		casaproduttrice(partita_iva,nome,nazionalita)		VALUES('18273672189','Gadget and more','Italia');
INSERT INTO		casaproduttrice(partita_iva,nome,nazionalita)		VALUES('12387600000','Game Freak','Giappone'); 
INSERT INTO		casaproduttrice(partita_iva,nome,nazionalita)		VALUES('75229434831','Namco‎','Giappone'); 
INSERT INTO		casaproduttrice(partita_iva,nome,nazionalita)		VALUES('00636071544','Nintendo','Giappone'); 
INSERT INTO		casaproduttrice(partita_iva,nome,nazionalita)		VALUES('11372837411','Sony','Giappone');
INSERT INTO		casaproduttrice(partita_iva,nome,nazionalita)		VALUES('16285313191','Microsoft','America');


--%%%%% PRODOTTO 
 INSERT INTO		prodotto(codice_prodotto,anno_produzione,prezzo,nome,partita_iva_casaprod)		VALUES('gz2w8fi4wjhx3nar',	to_date('17/06/2019','dd/mm/yyyy'),75,'Playstation Classic','11372837411');
 INSERT INTO		prodotto(codice_prodotto,anno_produzione,prezzo,nome,partita_iva_casaprod)		VALUES('6il6gl938okpjxeo',	to_date('17/06/2019','dd/mm/yyyy'),150,'Playstation 3','11372837411');
 INSERT INTO		prodotto(codice_prodotto,anno_produzione,prezzo,nome,partita_iva_casaprod)		VALUES('renvwiush87dpw26',	to_date('17/06/2019','dd/mm/yyyy'),350,'Playstation 4','11372837411');
 INSERT INTO		prodotto(codice_prodotto,anno_produzione,prezzo,nome,partita_iva_casaprod)		VALUES('r48ymft9ua96aagk',	to_date('17/06/2019','dd/mm/yyyy'),75,'PlayStation Portable','11372837411');
 INSERT INTO		prodotto(codice_prodotto,anno_produzione,prezzo,nome,partita_iva_casaprod)		VALUES('8y2d33sjsmd4jrqw',	to_date('17/06/2019','dd/mm/yyyy'),150,'PlayStation Vita','11372837411');
 INSERT INTO		prodotto(codice_prodotto,anno_produzione,prezzo,nome,partita_iva_casaprod)		VALUES('uu3g5qehpdzmlcxl',	to_date('17/06/2019','dd/mm/yyyy'),150,'Xbox 360','16285313191');
 INSERT INTO		prodotto(codice_prodotto,anno_produzione,prezzo,nome,partita_iva_casaprod)		VALUES('jnr9tsa9z427zmr5',	to_date('17/06/2019','dd/mm/yyyy'),150,'Xbox one','16285313191');
 INSERT INTO		prodotto(codice_prodotto,anno_produzione,prezzo,nome,partita_iva_casaprod)		VALUES('u5yp9wn0j8wxp4tb',	to_date('17/06/2019','dd/mm/yyyy'),100,'Nintendo Wii','00636071544');
 INSERT INTO		prodotto(codice_prodotto,anno_produzione,prezzo,nome,partita_iva_casaprod)		VALUES('30yxnt7fdj05vwj4',	to_date('17/06/2019','dd/mm/yyyy'),350,'Nintendo switch','00636071544');
 INSERT INTO		prodotto(codice_prodotto,anno_produzione,prezzo,nome,partita_iva_casaprod)		VALUES('43v36xlt376c6hch',	to_date('17/06/2019','dd/mm/yyyy'),250,'Nintendo switch Lite','00636071544');
 INSERT INTO		prodotto(codice_prodotto,anno_produzione,prezzo,nome,partita_iva_casaprod)		VALUES('zsy2pe7djhexq9dj',	to_date('17/06/2019','dd/mm/yyyy'),100,'Nintendo DS','00636071544');
 INSERT INTO		prodotto(codice_prodotto,anno_produzione,prezzo,nome,partita_iva_casaprod)		VALUES('cao5d2gc0ilbr2tb',	to_date('17/06/2019','dd/mm/yyyy'),180,'Nintendo 2DS','00636071544');
 INSERT INTO		prodotto(codice_prodotto,anno_produzione,prezzo,nome,partita_iva_casaprod)		VALUES('16kfqximd48j3mam',	to_date('17/06/2019','dd/mm/yyyy'),200,'Nintendo 3DS','00636071544');
 INSERT INTO		prodotto(codice_prodotto,anno_produzione,prezzo,nome,partita_iva_casaprod)		VALUES('rd31wh7nbz7q59nf',	to_date('17/06/2019','dd/mm/yyyy'),150,'Nintendo WiiU','00636071544');
 INSERT INTO		prodotto(codice_prodotto,anno_produzione,prezzo,nome,partita_iva_casaprod)		VALUES('1mdmse0z3g20qzom',	to_date('17/06/2019','dd/mm/yyyy'),75,'NES mini','00636071544');
 INSERT INTO		prodotto(codice_prodotto,anno_produzione,prezzo,nome,partita_iva_casaprod)		VALUES('utec8l2ez39z6t1z',	to_date('17/06/2019','dd/mm/yyyy'),70,'WWE 2K19','06685623901');
 INSERT INTO		prodotto(codice_prodotto,anno_produzione,prezzo,nome,partita_iva_casaprod)		VALUES('huwznmbcwsp76jk0',	to_date('17/06/2019','dd/mm/yyyy'),70,'Borderlands 3','06685623901');
 INSERT INTO		prodotto(codice_prodotto,anno_produzione,prezzo,nome,partita_iva_casaprod)		VALUES('h0fike4ua40o03te',	to_date('17/06/2019','dd/mm/yyyy'),70,'Gears 5','46774089041');
 INSERT INTO		prodotto(codice_prodotto,anno_produzione,prezzo,nome,partita_iva_casaprod)		VALUES('rozywndt91wakcfn',	to_date('17/06/2019','dd/mm/yyyy'),70,'Fortnite','46774089041');
 INSERT INTO		prodotto(codice_prodotto,anno_produzione,prezzo,nome,partita_iva_casaprod)		VALUES('98sbhuws45tv8t49',	to_date('17/06/2019','dd/mm/yyyy'),70,'FIFA 20','38325448524');
 INSERT INTO		prodotto(codice_prodotto,anno_produzione,prezzo,nome,partita_iva_casaprod)		VALUES('dmrbgosmzmaa5hqx',	to_date('17/06/2019','dd/mm/yyyy'),70,'The Sims 4','38325448524');
 INSERT INTO		prodotto(codice_prodotto,anno_produzione,prezzo,nome,partita_iva_casaprod)		VALUES('isj9q8iw0ng6dyn7',	to_date('17/06/2019','dd/mm/yyyy'),70,'Pokemon spada','12387600000');
 INSERT INTO		prodotto(codice_prodotto,anno_produzione,prezzo,nome,partita_iva_casaprod)		VALUES('zahv5wnrpa0p874k',	to_date('17/06/2019','dd/mm/yyyy'),70,'Pokemon scudo','12387600000');
 INSERT INTO		prodotto(codice_prodotto,anno_produzione,prezzo,nome,partita_iva_casaprod)		VALUES('tx1z4xrzstepau5d',	to_date('17/06/2019','dd/mm/yyyy'),70,'Let''s Go, Eevee!','12387600000');
 INSERT INTO		prodotto(codice_prodotto,anno_produzione,prezzo,nome,partita_iva_casaprod)		VALUES('54ezsh7dig88f6hj',	to_date('17/06/2019','dd/mm/yyyy'),70,'Let''s Go, Pikachu!','12387600000');
 INSERT INTO		prodotto(codice_prodotto,anno_produzione,prezzo,nome,partita_iva_casaprod)		VALUES('6lir0ccsb1vyrp8d',	to_date('17/06/2019','dd/mm/yyyy'),70,'Fire Emblem: Three Houses','00636071544');
 INSERT INTO		prodotto(codice_prodotto,anno_produzione,prezzo,nome,partita_iva_casaprod)		VALUES('2uiyta5avh49xz28',	to_date('17/06/2019','dd/mm/yyyy'),70,'Luigi''s Mansion 3','00636071544');
 INSERT INTO		prodotto(codice_prodotto,anno_produzione,prezzo,nome,partita_iva_casaprod)		VALUES('3zjr9dtguwikmvg6',	to_date('17/06/2019','dd/mm/yyyy'),70,'Super Mario Party','00636071544');
 INSERT INTO		prodotto(codice_prodotto,anno_produzione,prezzo,nome,partita_iva_casaprod)		VALUES('vegvju0wvlorck9p',	to_date('17/06/2019','dd/mm/yyyy'),70,'Splatoon 2','00636071544');
 INSERT INTO		prodotto(codice_prodotto,anno_produzione,prezzo,nome,partita_iva_casaprod)		VALUES('5caw55qz03jdlh19',	to_date('17/06/2019','dd/mm/yyyy'),70,'The Legend of Zelda: Breath of the Wild','00636071544');
 INSERT INTO		prodotto(codice_prodotto,anno_produzione,prezzo,nome,partita_iva_casaprod)		VALUES('123456789123456r',	to_date('17/06/2019','dd/mm/yyyy'),35,'Figure Dragon Ball Super - Gogeta Super Saiyan (Match Makers)','18273672189');
 INSERT INTO		prodotto(codice_prodotto,anno_produzione,prezzo,nome,partita_iva_casaprod)		VALUES('123456789123456s',	to_date('17/06/2019','dd/mm/yyyy'),35,'Figure Dragon Ball Z - Vegetto Super Saiyan God Super Saiyan (Dokkan Battle)','18273672189');
 INSERT INTO		prodotto(codice_prodotto,anno_produzione,prezzo,nome,partita_iva_casaprod)		VALUES('123456789123456t',	to_date('17/06/2019','dd/mm/yyyy'),19,'Tazza Marvel - Guanto Dell''Infinito 3D','18273672189');
 INSERT INTO		prodotto(codice_prodotto,anno_produzione,prezzo,nome,partita_iva_casaprod)		VALUES('123456789123456u',	to_date('17/06/2019','dd/mm/yyyy'),10,'Tazza Nightmare Before Christmas - Jack e Sally','18273672189');
 INSERT INTO		prodotto(codice_prodotto,anno_produzione,prezzo,nome,partita_iva_casaprod)		VALUES('123456789123456v',	to_date('17/06/2019','dd/mm/yyyy'),15,'Super Mario Bob-Omb','18273672189');
 INSERT INTO		prodotto(codice_prodotto,anno_produzione,prezzo,nome,partita_iva_casaprod)		VALUES('123456789123456z',	to_date('17/06/2019','dd/mm/yyyy'),20,'Salvadanaio Maiale Minecraft','18273672189');
 INSERT INTO		prodotto(codice_prodotto,anno_produzione,prezzo,nome,partita_iva_casaprod)		VALUES('1234567891234a67',	to_date('17/06/2019','dd/mm/yyyy'),299,'DARK SOULS: Bellowing Dragoncrest Anello' ,'75229434831');
 INSERT INTO		prodotto(codice_prodotto,anno_produzione,prezzo,nome,partita_iva_casaprod)		VALUES('1234567891234b67',	to_date('17/06/2019','dd/mm/yyyy'),69.9,'DARK SOULS - Portafogli Praise the Sun' ,'75229434831');
 INSERT INTO		prodotto(codice_prodotto,anno_produzione,prezzo,nome,partita_iva_casaprod)		VALUES('ajhe567891234o67',	to_date('17/06/2019','dd/mm/yyyy'),15.9,'Funko Pop! - Diego (Umbrella Academy)' ,'18273672189');
 INSERT INTO		prodotto(codice_prodotto,anno_produzione,prezzo,nome,partita_iva_casaprod)		VALUES('ajhe567891234n67',	to_date('17/06/2019','dd/mm/yyyy'),15.9,'Funko Pop! - Luther (Umbrella Academy)' ,'18273672189');
 INSERT INTO		prodotto(codice_prodotto,anno_produzione,prezzo,nome,partita_iva_casaprod)		VALUES('ajhe567891234m67',	to_date('17/06/2019','dd/mm/yyyy'),15.9,'Funko Pop! - Allison (Umbrella Academy)' ,'18273672189');
 INSERT INTO		prodotto(codice_prodotto,anno_produzione,prezzo,nome,partita_iva_casaprod)		VALUES('ajhe567891234l67',	to_date('17/06/2019','dd/mm/yyyy'),15.9,'Funko Pop! - Klaus (Umbrella Academy)' ,'18273672189');
 INSERT INTO		prodotto(codice_prodotto,anno_produzione,prezzo,nome,partita_iva_casaprod)		VALUES('ajhe567891234i67',	to_date('17/06/2019','dd/mm/yyyy'),15.9,'Funko Pop! - Numero 5 (Umbrella Academy) ' ,'18273672189');
 INSERT INTO		prodotto(codice_prodotto,anno_produzione,prezzo,nome,partita_iva_casaprod)		VALUES('ajhe567891234h67',	to_date('17/06/2019','dd/mm/yyyy'),15.9,'Funko Pop! - Ben (Umbrella Academy) ' ,'16095373101');
 INSERT INTO		prodotto(codice_prodotto,anno_produzione,prezzo,nome,partita_iva_casaprod)		VALUES('ajhe567891234g67',	to_date('17/06/2019','dd/mm/yyyy'),15.9,'Funko Pop! - Vanya (Umbrella Academy) ' ,'16095373101');
 INSERT INTO    	prodotto(codice_prodotto,anno_produzione,prezzo,nome,partita_iva_casaprod) 	 	VALUES('ajhe567891234e67',	to_date('17/06/2019','dd/mm/yyyy'),110,'Sony WH-CH700N','11372837411');
 INSERT INTO  	    prodotto(codice_prodotto,anno_produzione,prezzo,nome,partita_iva_casaprod)		VALUES('ajhe567891234d67',	to_date('17/06/2019','dd/mm/yyyy'),189.50,'Sony WHH900N','11372837411');
 INSERT INTO  		prodotto(codice_prodotto,anno_produzione,prezzo,nome,partita_iva_casaprod)		VALUES('123ak67891234c67',	to_date('17/06/2019','dd/mm/yyyy'),273,'Sony WH-1000XM3','11372837411');
 INSERT INTO  		prodotto(codice_prodotto,anno_produzione,prezzo,nome,partita_iva_casaprod)		VALUES('223akrs442f34a67',	to_date('17/06/2019','dd/mm/yyyy'),133,'Xbox One Elite Controller','16285313191');
 INSERT INTO		prodotto(codice_prodotto,anno_produzione,prezzo,nome,partita_iva_casaprod)		VALUES('223akrs442f34b67',	to_date('17/06/2019','dd/mm/yyyy'),112,'Xbox One Controller(minecraft edition)','16285313191');
 INSERT INTO		prodotto(codice_prodotto,anno_produzione,prezzo,nome,partita_iva_casaprod)		VALUES('223akrs442f34c67',	to_date('17/06/2019','dd/mm/yyyy'),68.9,'Xbox One Wireless Controller','16285313191');
 INSERT INTO		prodotto(codice_prodotto,anno_produzione,prezzo,nome,partita_iva_casaprod)		VALUES('223akrs442f34e67',	to_date('17/06/2019','dd/mm/yyyy'),49,'Xbox One Wireless Controller - White sport','16285313191');
 INSERT INTO		prodotto(codice_prodotto,anno_produzione,prezzo,nome,partita_iva_casaprod)		VALUES('223akrs442f34r67',	to_date('17/06/2019','dd/mm/yyyy'),11.50,'Mouse gaming multicolore','06685623901');
 INSERT INTO		prodotto(codice_prodotto,anno_produzione,prezzo,nome,partita_iva_casaprod)		VALUES('223akrs442f34q67',	to_date('17/06/2019','dd/mm/yyyy'),39.99,'Mouse gaming 16400 DPI','06685623901');
 INSERT INTO		prodotto(codice_prodotto,anno_produzione,prezzo,nome,partita_iva_casaprod)		VALUES('223akrs442f34p67',	to_date('17/06/2019','dd/mm/yyyy'),44.99,'Tastiera Meccanica con LED','06685623901');
 INSERT INTO		prodotto(codice_prodotto,anno_produzione,prezzo,nome,partita_iva_casaprod)		VALUES('223akrs442o34567',	to_date('17/06/2019','dd/mm/yyyy'),59.99,'Tastiera Gaming Meccanica','16095373101');
 INSERT INTO		prodotto(codice_prodotto,anno_produzione,prezzo,nome,partita_iva_casaprod)		VALUES('223akrs442n34567',	to_date('17/06/2019','dd/mm/yyyy'),25.99,'Visore Realtà Virtuale per Smartphone','16095373101');
 INSERT INTO		prodotto(codice_prodotto,anno_produzione,prezzo,nome,partita_iva_casaprod)		VALUES('223akrs442m34567',	to_date('17/06/2019','dd/mm/yyyy'),269,'Oerba Go Visore','16295833231');
 INSERT INTO		prodotto(codice_prodotto,anno_produzione,prezzo,nome,partita_iva_casaprod)		VALUES('223akrs442fl4567',	to_date('17/06/2019','dd/mm/yyyy'),8.50,'Visore Vr Box 3D Smartphone','16295833231');
 INSERT INTO		prodotto(codice_prodotto,anno_produzione,prezzo,nome,partita_iva_casaprod)		VALUES('223akrs442f3i567',	to_date('17/06/2019','dd/mm/yyyy'),50,'Dualshock 4 Controller Wireless per PS4','16295833231');
 INSERT INTO		prodotto(codice_prodotto,anno_produzione,prezzo,nome,partita_iva_casaprod)		VALUES('otjk1lfwqxpqvgta',	to_date('17/06/2019','dd/mm/yyyy'),39.9,'Monopoly: Dragon Ball Super Edition','96215403351');
 INSERT INTO		prodotto(codice_prodotto,anno_produzione,prezzo,nome,partita_iva_casaprod)		VALUES('9lps4u0xljlvdkyw',	to_date('17/06/2019','dd/mm/yyyy'),44,'Trivial Pursuit Harry Potter - Ultimate Edition','96215403351');
 INSERT INTO		prodotto(codice_prodotto,anno_produzione,prezzo,nome,partita_iva_casaprod)		VALUES('jxgix5jcnefzfkdj',	to_date('17/06/2019','dd/mm/yyyy'),70,'Sanctum','18273672189');
 INSERT INTO		prodotto(codice_prodotto,anno_produzione,prezzo,nome,partita_iva_casaprod)		VALUES('jyi9lk32nqpecpft',	to_date('17/06/2019','dd/mm/yyyy'),59.99,'Fallout: Il Gioco da Tavolo','18273672189');
 INSERT INTO		prodotto(codice_prodotto,anno_produzione,prezzo,nome,partita_iva_casaprod)		VALUES('p5hk8ad77hnicvji',	to_date('17/06/2019','dd/mm/yyyy'),44.9,'Monopoly: Game Of Thrones','26385363891');
 INSERT INTO		prodotto(codice_prodotto,anno_produzione,prezzo,nome,partita_iva_casaprod)		VALUES('5dgfsp5mcgy9cws7',	to_date('17/06/2019','dd/mm/yyyy'),49.9,'Disney Villainous','26385363891');
 INSERT INTO		prodotto(codice_prodotto,anno_produzione,prezzo,nome,partita_iva_casaprod)		VALUES('zbkrd4bz7363ygko',	to_date('17/06/2019','dd/mm/yyyy'),44.9,'Ticket To Rid','26385363891');
 INSERT INTO		prodotto(codice_prodotto,anno_produzione,prezzo,nome,partita_iva_casaprod)		VALUES('esp1f2sbhksn8pzi',	to_date('17/06/2019','dd/mm/yyyy'),44.9,'Pandemic: Il Regno di Cthulhu','15495833151');
 INSERT INTO		prodotto(codice_prodotto,anno_produzione,prezzo,nome,partita_iva_casaprod)		VALUES('8islcvugodun9i4t',	to_date('17/06/2019','dd/mm/yyyy'),99.9,'Il Signore degli Anelli - Viaggi Nella Terra di Mezzo','15495833151');
 INSERT INTO		prodotto(codice_prodotto,anno_produzione,prezzo,nome,partita_iva_casaprod)		VALUES('p5r17h5l9tzg817o',	to_date('17/06/2019','dd/mm/yyyy'),53,'New Angeles','15495833151');
 INSERT INTO		prodotto(codice_prodotto,anno_produzione,prezzo,nome,partita_iva_casaprod)		VALUES('yx9doj9ywsfthvz0',	to_date('17/06/2019','dd/mm/yyyy'),44.9,'Flick''em Up! Dead of Winter','26095833181');
 INSERT INTO		prodotto(codice_prodotto,anno_produzione,prezzo,nome,partita_iva_casaprod)		VALUES('zew1mf6ew1vxauvx',	to_date('17/06/2019','dd/mm/yyyy'),89.9,'Star Wars: Assalto Imperiale','26095833181');
 INSERT INTO		prodotto(codice_prodotto,anno_produzione,prezzo,nome,partita_iva_casaprod)		VALUES('7p4ym89d85rhg2iz',	to_date('17/06/2019','dd/mm/yyyy'),39.9,'Il Gioco Di Tex','16095373101');
 INSERT INTO		prodotto(codice_prodotto,anno_produzione,prezzo,nome,partita_iva_casaprod)		VALUES('mwaixp3v7ep66hya',	to_date('17/06/2019','dd/mm/yyyy'),79.9,'The Others - 7 Sins','16095373101');
 INSERT INTO		prodotto(codice_prodotto,anno_produzione,prezzo,nome,partita_iva_casaprod)		VALUES('ltai6o099rbjz1c2',	to_date('17/06/2019','dd/mm/yyyy'),79.9,'Zombicide','16095373101');


 --%%%%% GADGET
 INSERT INTO		gadget(codice_gadget,tipo)		VALUES('123456789123456r','Figure');
 INSERT INTO		gadget(codice_gadget,tipo)		VALUES('123456789123456s','Figure');
 INSERT INTO		gadget(codice_gadget,tipo)		VALUES('123456789123456t','Tazza');
 INSERT INTO		gadget(codice_gadget,tipo)		VALUES('123456789123456u','Tazza');
 INSERT INTO		gadget(codice_gadget,tipo)		VALUES('123456789123456v','Gadget');
 INSERT INTO		gadget(codice_gadget,tipo)		VALUES('123456789123456z','Gadget');
 INSERT INTO		gadget(codice_gadget,tipo)		VALUES('1234567891234a67','Accessorio');
 INSERT INTO		gadget(codice_gadget,tipo)		VALUES('1234567891234b67','Accessorio');
 INSERT INTO		gadget(codice_gadget,tipo)		VALUES('ajhe567891234o67','Funko');
 INSERT INTO		gadget(codice_gadget,tipo)		VALUES('ajhe567891234n67','Funko');
 INSERT INTO		gadget(codice_gadget,tipo)		VALUES('ajhe567891234m67','Funko');
 INSERT INTO		gadget(codice_gadget,tipo)		VALUES('ajhe567891234l67','Funko');
 INSERT INTO		gadget(codice_gadget,tipo)		VALUES('ajhe567891234i67','Funko');
 INSERT INTO		gadget(codice_gadget,tipo)		VALUES('ajhe567891234h67','Funko');
 INSERT INTO		gadget(codice_gadget,tipo)		VALUES('ajhe567891234g67','Funko');
 
 
 --%%%%% PERIFERICA
 INSERT INTO		periferica(codice_periferica)		VALUES('ajhe567891234e67');
 INSERT INTO		periferica(codice_periferica)		VALUES('ajhe567891234d67');
 INSERT INTO		periferica(codice_periferica)		VALUES('123ak67891234c67');
 INSERT INTO		periferica(codice_periferica)		VALUES('223akrs442f34a67');
 INSERT INTO		periferica(codice_periferica)		VALUES('223akrs442f34b67');
 INSERT INTO		periferica(codice_periferica)		VALUES('223akrs442f34c67');
 INSERT INTO		periferica(codice_periferica)		VALUES('223akrs442f34e67');
 INSERT INTO		periferica(codice_periferica)		VALUES('223akrs442f34r67');
 INSERT INTO		periferica(codice_periferica)		VALUES('223akrs442f34q67');
 INSERT INTO		periferica(codice_periferica)		VALUES('223akrs442f34p67');
 INSERT INTO		periferica(codice_periferica)		VALUES('223akrs442o34567');
 INSERT INTO		periferica(codice_periferica)		VALUES('223akrs442n34567');
 INSERT INTO		periferica(codice_periferica)		VALUES('223akrs442m34567');
 INSERT INTO		periferica(codice_periferica)		VALUES('223akrs442fl4567');
 INSERT INTO		periferica(codice_periferica)		VALUES('223akrs442f3i567');
 
 
  --%%%%%	CONSOLE
 INSERT INTO		console(codice_console)		VALUES('gz2w8fi4wjhx3nar');
 INSERT INTO		console(codice_console)		VALUES('6il6gl938okpjxeo');
 INSERT INTO		console(codice_console)		VALUES('renvwiush87dpw26');
 INSERT INTO		console(codice_console)		VALUES('r48ymft9ua96aagk');
 INSERT INTO		console(codice_console)		VALUES('8y2d33sjsmd4jrqw');
 INSERT INTO		console(codice_console)		VALUES('uu3g5qehpdzmlcxl');
 INSERT INTO		console(codice_console)		VALUES('jnr9tsa9z427zmr5');
 INSERT INTO		console(codice_console)		VALUES('u5yp9wn0j8wxp4tb');
 INSERT INTO		console(codice_console)		VALUES('30yxnt7fdj05vwj4');
 INSERT INTO		console(codice_console)		VALUES('43v36xlt376c6hch');
 INSERT INTO		console(codice_console)		VALUES('zsy2pe7djhexq9dj');
 INSERT INTO		console(codice_console)		VALUES('cao5d2gc0ilbr2tb');
 INSERT INTO		console(codice_console)		VALUES('16kfqximd48j3mam');
 INSERT INTO		console(codice_console)		VALUES('rd31wh7nbz7q59nf');
 INSERT INTO		console(codice_console)		VALUES('1mdmse0z3g20qzom');
 
 
 --%%%%% GIOCO DA TAVOLO
 INSERT INTO		gioco_tavolo(codice_gioco_tavolo,pegi)		VALUES('otjk1lfwqxpqvgta',4);
 INSERT INTO		gioco_tavolo(codice_gioco_tavolo,pegi)		VALUES('9lps4u0xljlvdkyw',4);
 INSERT INTO		gioco_tavolo(codice_gioco_tavolo,pegi)		VALUES('jxgix5jcnefzfkdj',4);
 INSERT INTO		gioco_tavolo(codice_gioco_tavolo,pegi)		VALUES('jyi9lk32nqpecpft',4);
 INSERT INTO		gioco_tavolo(codice_gioco_tavolo,pegi)		VALUES('p5hk8ad77hnicvji',4);
 INSERT INTO		gioco_tavolo(codice_gioco_tavolo,pegi)		VALUES('5dgfsp5mcgy9cws7',8);
 INSERT INTO		gioco_tavolo(codice_gioco_tavolo,pegi)		VALUES('zbkrd4bz7363ygko',8);
 INSERT INTO		gioco_tavolo(codice_gioco_tavolo,pegi)		VALUES('esp1f2sbhksn8pzi',8);
 INSERT INTO		gioco_tavolo(codice_gioco_tavolo,pegi)		VALUES('8islcvugodun9i4t',8);
 INSERT INTO		gioco_tavolo(codice_gioco_tavolo,pegi)		VALUES('p5r17h5l9tzg817o',8);
 INSERT INTO		gioco_tavolo(codice_gioco_tavolo,pegi)		VALUES('yx9doj9ywsfthvz0',10);
 INSERT INTO		gioco_tavolo(codice_gioco_tavolo,pegi)		VALUES('zew1mf6ew1vxauvx',10);
 INSERT INTO		gioco_tavolo(codice_gioco_tavolo,pegi)		VALUES('7p4ym89d85rhg2iz',10);
 INSERT INTO		gioco_tavolo(codice_gioco_tavolo,pegi)		VALUES('mwaixp3v7ep66hya',10);
 INSERT INTO		gioco_tavolo(codice_gioco_tavolo,pegi)		VALUES('ltai6o099rbjz1c2',10);
 

--%%%%% VIDEOGIOCO
 INSERT INTO		videogioco(codice_videogioco,pegi)		VALUES('utec8l2ez39z6t1z',13);
 INSERT INTO		videogioco(codice_videogioco,pegi)		VALUES('huwznmbcwsp76jk0',13);
 INSERT INTO		videogioco(codice_videogioco,pegi)		VALUES('h0fike4ua40o03te',13);
 INSERT INTO		videogioco(codice_videogioco,pegi)		VALUES('rozywndt91wakcfn',13);
 INSERT INTO		videogioco(codice_videogioco,pegi)		VALUES('98sbhuws45tv8t49',13);
 INSERT INTO		videogioco(codice_videogioco,pegi)		VALUES('dmrbgosmzmaa5hqx',13);
 INSERT INTO		videogioco(codice_videogioco,pegi)		VALUES('isj9q8iw0ng6dyn7',18);
 INSERT INTO		videogioco(codice_videogioco,pegi)		VALUES('zahv5wnrpa0p874k',18);
 INSERT INTO		videogioco(codice_videogioco,pegi)		VALUES('tx1z4xrzstepau5d',18);
 INSERT INTO		videogioco(codice_videogioco,pegi)		VALUES('54ezsh7dig88f6hj',18);
 INSERT INTO		videogioco(codice_videogioco,pegi)		VALUES('6lir0ccsb1vyrp8d',18);
 INSERT INTO		videogioco(codice_videogioco,pegi)		VALUES('2uiyta5avh49xz28',10);
 INSERT INTO		videogioco(codice_videogioco,pegi)		VALUES('3zjr9dtguwikmvg6',10);
 INSERT INTO		videogioco(codice_videogioco,pegi)		VALUES('vegvju0wvlorck9p',10);
 INSERT INTO		videogioco(codice_videogioco,pegi)		VALUES('5caw55qz03jdlh19',10);
 
 
 --%%%%% GENERE
 INSERT INTO		genere(codice_prodotto,tipo)		VALUES('utec8l2ez39z6t1z','Picchiaduro');
 INSERT INTO		genere(codice_prodotto,tipo)		VALUES('huwznmbcwsp76jk0','Sparatutto');
 INSERT INTO		genere(codice_prodotto,tipo)		VALUES('h0fike4ua40o03te','Sparatutto');
 INSERT INTO		genere(codice_prodotto,tipo)		VALUES('rozywndt91wakcfn','Battle royale');
 INSERT INTO		genere(codice_prodotto,tipo)		VALUES('98sbhuws45tv8t49','Sport');
 INSERT INTO		genere(codice_prodotto,tipo)		VALUES('dmrbgosmzmaa5hqx','Simulatore');
 INSERT INTO		genere(codice_prodotto,tipo)		VALUES('isj9q8iw0ng6dyn7','Rpg');
 INSERT INTO		genere(codice_prodotto,tipo)		VALUES('zahv5wnrpa0p874k','Rpg');
 INSERT INTO		genere(codice_prodotto,tipo)		VALUES('tx1z4xrzstepau5d','Rpg');
 INSERT INTO		genere(codice_prodotto,tipo)		VALUES('54ezsh7dig88f6hj','Rpg');
 INSERT INTO		genere(codice_prodotto,tipo)		VALUES('6lir0ccsb1vyrp8d','Rpg');
 INSERT INTO		genere(codice_prodotto,tipo)		VALUES('2uiyta5avh49xz28','Rpg');
 INSERT INTO		genere(codice_prodotto,tipo)		VALUES('3zjr9dtguwikmvg6','Family');
 INSERT INTO		genere(codice_prodotto,tipo)		VALUES('vegvju0wvlorck9p','Sparatutto');
 INSERT INTO		genere(codice_prodotto,tipo)		VALUES('5caw55qz03jdlh19','Rpg');
 INSERT INTO		genere(codice_prodotto,tipo)		VALUES('otjk1lfwqxpqvgta','Tavolo');
 INSERT INTO		genere(codice_prodotto,tipo)		VALUES('9lps4u0xljlvdkyw','Tavolo');
 INSERT INTO		genere(codice_prodotto,tipo)		VALUES('jxgix5jcnefzfkdj','Tavolo');
 INSERT INTO		genere(codice_prodotto,tipo)		VALUES('jyi9lk32nqpecpft','Tavolo');
 INSERT INTO		genere(codice_prodotto,tipo)		VALUES('p5hk8ad77hnicvji','Tavolo');
 INSERT INTO		genere(codice_prodotto,tipo)		VALUES('5dgfsp5mcgy9cws7','Tavolo');
 INSERT INTO		genere(codice_prodotto,tipo)		VALUES('zbkrd4bz7363ygko','Tavolo');
 INSERT INTO		genere(codice_prodotto,tipo)		VALUES('esp1f2sbhksn8pzi','Tavolo');
 INSERT INTO		genere(codice_prodotto,tipo)		VALUES('8islcvugodun9i4t','Tavolo');
 INSERT INTO		genere(codice_prodotto,tipo)		VALUES('p5r17h5l9tzg817o','Tavolo');
 INSERT INTO		genere(codice_prodotto,tipo)		VALUES('yx9doj9ywsfthvz0','Tavolo');
 INSERT INTO		genere(codice_prodotto,tipo)		VALUES('zew1mf6ew1vxauvx','Tavolo');
 INSERT INTO		genere(codice_prodotto,tipo)		VALUES('7p4ym89d85rhg2iz','Tavolo');
 INSERT INTO		genere(codice_prodotto,tipo)		VALUES('mwaixp3v7ep66hya','Tavolo');
 INSERT INTO		genere(codice_prodotto,tipo)		VALUES('ltai6o099rbjz1c2','Tavolo');
 
 
  --%%%%% VENDE
INSERT INTO 		vende(loc_rep,cod_prod,cf_cli,data_e_ora,quantita)	 	VALUES('Napoli','renvwiush87dpw26','MRTCLD94L12F839L',to_date('11/10/2019 14:00','dd/mm/yyyy hh24:mi'),1);
INSERT INTO 		vende(loc_rep,cod_prod,cf_cli,data_e_ora,quantita)	 	VALUES('Napoli','renvwiush87dpw26','LMRGNM92E20A783Z',to_date('21/10/2019 15:00','dd/mm/yyyy hh24:mi'),1);
INSERT INTO 		vende(loc_rep,cod_prod,cf_cli,data_e_ora,quantita)	 	VALUES('Napoli','renvwiush87dpw26','VREDMN90B10A783V',to_date('12/10/2019 17:00','dd/mm/yyyy hh24:mi'),1);
INSERT INTO 		vende(loc_rep,cod_prod,cf_cli,data_e_ora,quantita)	 	VALUES('Napoli','ajhe567891234n67','DFRSTR99B52A509N',to_date('18/10/2019 19:00','dd/mm/yyyy hh24:mi'),1);
INSERT INTO 		vende(loc_rep,cod_prod,cf_cli,data_e_ora,quantita)	 	VALUES('Napoli','ajhe567891234m67','DMAGCM94E30A783J',to_date('01/11/2019 15:00','dd/mm/yyyy hh24:mi'),1);
INSERT INTO 		vende(loc_rep,cod_prod,cf_cli,data_e_ora,quantita)	 	VALUES('Napoli','ajhe567891234l67','VLNFTN94T55A783G',to_date('09/11/2019 14:30','dd/mm/yyyy hh24:mi'),1);
INSERT INTO 		vende(loc_rep,cod_prod,cf_cli,data_e_ora,quantita)	 	VALUES('Napoli','ajhe567891234i67','PRTVCN89S13F839N',to_date('25/11/2019 17:00','dd/mm/yyyy hh24:mi'),1);
INSERT INTO 		vende(loc_rep,cod_prod,cf_cli,data_e_ora,quantita)	 	VALUES('Napoli','ajhe567891234h67','CRTRND86R18F839V',to_date('30/11/2019 10:00','dd/mm/yyyy hh24:mi'),1);
INSERT INTO 		vende(loc_rep,cod_prod,cf_cli,data_e_ora,quantita)	 	VALUES('Benevento','uu3g5qehpdzmlcxl','SRNNTT90P56F839F',to_date('11/10/2019 11:00','dd/mm/yyyy hh24:mi'),1);
INSERT INTO 		vende(loc_rep,cod_prod,cf_cli,data_e_ora,quantita)	 	VALUES('Benevento','jnr9tsa9z427zmr5','TSCCTT97M20F924C',to_date('21/10/2019 09:00','dd/mm/yyyy hh24:mi'),1);
INSERT INTO 		vende(loc_rep,cod_prod,cf_cli,data_e_ora,quantita)	 	VALUES('Benevento','u5yp9wn0j8wxp4tb','VNCSTT89L29L083F',to_date('12/10/2019 18:00','dd/mm/yyyy hh24:mi'),1);
INSERT INTO 		vende(loc_rep,cod_prod,cf_cli,data_e_ora,quantita)	 	VALUES('Benevento','30yxnt7fdj05vwj4','ZZRLRA95H23B905G',to_date('18/10/2019 15:00','dd/mm/yyyy hh24:mi'),1);
INSERT INTO 		vende(loc_rep,cod_prod,cf_cli,data_e_ora,quantita)	 	VALUES('Benevento','43v36xlt376c6hch','FRRCLI99S09F839H',to_date('01/11/2019 17:00','dd/mm/yyyy hh24:mi'),1);
INSERT INTO 		vende(loc_rep,cod_prod,cf_cli,data_e_ora,quantita)	 	VALUES('Benevento','zsy2pe7djhexq9dj','RRNRSO97T45A783X',to_date('09/11/2019 11:00','dd/mm/yyyy hh24:mi'),1);
INSERT INTO 		vende(loc_rep,cod_prod,cf_cli,data_e_ora,quantita)	 	VALUES('Benevento','cao5d2gc0ilbr2tb','PSSTRN98R66A509J',to_date('25/11/2019 09:00','dd/mm/yyyy hh24:mi'),1);
INSERT INTO 		vende(loc_rep,cod_prod,cf_cli,data_e_ora,quantita)	 	VALUES('Benevento','16kfqximd48j3mam','SNTDGI98D03A783K',to_date('30/11/2019 19:30','dd/mm/yyyy hh24:mi'),1);
INSERT INTO 		vende(loc_rep,cod_prod,cf_cli,data_e_ora,quantita)	 	VALUES('Avellino','zbkrd4bz7363ygko','LZNNDR87L15B905J',to_date('01/10/2019 15:00','dd/mm/yyyy hh24:mi'),1);
INSERT INTO 		vende(loc_rep,cod_prod,cf_cli,data_e_ora,quantita)	 	VALUES('Avellino','esp1f2sbhksn8pzi','MTTVRE86L62F839Q',to_date('25/10/2019 16:00','dd/mm/yyyy hh24:mi'),1);
INSERT INTO 		vende(loc_rep,cod_prod,cf_cli,data_e_ora,quantita)	 	VALUES('Avellino','8islcvugodun9i4t','PRTCSC96D14F839M',to_date('18/10/2019 18:00','dd/mm/yyyy hh24:mi'),1);
INSERT INTO 		vende(loc_rep,cod_prod,cf_cli,data_e_ora,quantita)	 	VALUES('Avellino','p5r17h5l9tzg817o','HLDLLO94S57B905C',to_date('17/10/2019 20:00','dd/mm/yyyy hh24:mi'),1);
INSERT INTO 		vende(loc_rep,cod_prod,cf_cli,data_e_ora,quantita)	 	VALUES('Avellino','yx9doj9ywsfthvz0','QTTMIA99S70F839M',to_date('05/11/2019 16:00','dd/mm/yyyy hh24:mi'),1);
INSERT INTO 		vende(loc_rep,cod_prod,cf_cli,data_e_ora,quantita)	 	VALUES('Avellino','zew1mf6ew1vxauvx','LNEFNC98B18F839U',to_date('19/11/2019 11:00','dd/mm/yyyy hh24:mi'),1);
INSERT INTO 		vende(loc_rep,cod_prod,cf_cli,data_e_ora,quantita)	 	VALUES('Avellino','7p4ym89d85rhg2iz','PSCNTN99E14F352H',to_date('29/11/2019 11:00','dd/mm/yyyy hh24:mi'),1);
INSERT INTO 		vende(loc_rep,cod_prod,cf_cli,data_e_ora,quantita)	 	VALUES('Avellino','mwaixp3v7ep66hya','TCUPGR92C13F839H',to_date('17/11/2019 17:00','dd/mm/yyyy hh24:mi'),1);
INSERT INTO 		vende(loc_rep,cod_prod,cf_cli,data_e_ora,quantita)	 	VALUES('Caserta','223akrs442f34e67','MSCRND93B12A783N',to_date('01/11/2019 14:00','dd/mm/yyyy hh24:mi'),1);
INSERT INTO 		vende(loc_rep,cod_prod,cf_cli,data_e_ora,quantita)	 	VALUES('Caserta','223akrs442f34r67','LCNCHR93A52A509B',to_date('09/11/2019 15:00','dd/mm/yyyy hh24:mi'),1);
INSERT INTO 		vende(loc_rep,cod_prod,cf_cli,data_e_ora,quantita)	 	VALUES('Caserta','223akrs442f34q67','SSLDNL92P51B905E',to_date('25/11/2019 17:00','dd/mm/yyyy hh24:mi'),1);
INSERT INTO 		vende(loc_rep,cod_prod,cf_cli,data_e_ora,quantita)	 	VALUES('Caserta','223akrs442f34p67','MRTRAU96P57F839F',to_date('30/11/2019 19:00','dd/mm/yyyy hh24:mi'),1);
INSERT INTO 		vende(loc_rep,cod_prod,cf_cli,data_e_ora,quantita)	 	VALUES('Caserta','223akrs442o34567','BLSBNC92S17F839R',to_date('01/10/2019 15:00','dd/mm/yyyy hh24:mi'),1);
INSERT INTO 		vende(loc_rep,cod_prod,cf_cli,data_e_ora,quantita)	 	VALUES('Caserta','223akrs442n34567','VNNZRE91T58F839G',to_date('25/10/2019 14:30','dd/mm/yyyy hh24:mi'),1);
INSERT INTO 		vende(loc_rep,cod_prod,cf_cli,data_e_ora,quantita)	 	VALUES('Caserta','223akrs442m34567','CLMVLA91C22B905Y',to_date('18/10/2019 17:00','dd/mm/yyyy hh24:mi'),1);
INSERT INTO 		vende(loc_rep,cod_prod,cf_cli,data_e_ora,quantita)	 	VALUES('Caserta','223akrs442fl4567','FNLCLD98B24F839X',to_date('17/10/2019 10:00','dd/mm/yyyy hh24:mi'),1);
INSERT INTO 		vende(loc_rep,cod_prod,cf_cli,data_e_ora,quantita)	 	VALUES('Salerno','223akrs442f3i567','MRTCLD94L12F839L',to_date('23/10/2019 18:00','dd/mm/yyyy hh24:mi'),1);
INSERT INTO 		vende(loc_rep,cod_prod,cf_cli,data_e_ora,quantita)	 	VALUES('Salerno','otjk1lfwqxpqvgta','LMRGNM92E20A783Z',to_date('06/10/2019 17:00','dd/mm/yyyy hh24:mi'),1);
INSERT INTO 		vende(loc_rep,cod_prod,cf_cli,data_e_ora,quantita)	 	VALUES('Salerno','9lps4u0xljlvdkyw','VREDMN90B10A783V',to_date('11/10/2019 15:00','dd/mm/yyyy hh24:mi'),1);
INSERT INTO 		vende(loc_rep,cod_prod,cf_cli,data_e_ora,quantita)	 	VALUES('Salerno','jxgix5jcnefzfkdj','DFRSTR99B52A509N',to_date('13/10/2019 14:30','dd/mm/yyyy hh24:mi'),1);
INSERT INTO 		vende(loc_rep,cod_prod,cf_cli,data_e_ora,quantita)	 	VALUES('Salerno','jyi9lk32nqpecpft','DMAGCM94E30A783J',to_date('29/11/2019 17:00','dd/mm/yyyy hh24:mi'),1);
INSERT INTO 		vende(loc_rep,cod_prod,cf_cli,data_e_ora,quantita)	 	VALUES('Salerno','p5hk8ad77hnicvji','VLNFTN94T55A783G',to_date('28/11/2019 10:00','dd/mm/yyyy hh24:mi'),1);
INSERT INTO 		vende(loc_rep,cod_prod,cf_cli,data_e_ora,quantita)	 	VALUES('Salerno','5dgfsp5mcgy9cws7','PRTVCN89S13F839N',to_date('29/11/2019 18:00','dd/mm/yyyy hh24:mi'),1);
INSERT INTO 		vende(loc_rep,cod_prod,cf_cli,data_e_ora,quantita)	 	VALUES('Salerno','zbkrd4bz7363ygko','CRTRND86R18F839V',to_date('27/11/2019 12:00','dd/mm/yyyy hh24:mi'),1);
INSERT INTO 		vende(loc_rep,cod_prod,cf_cli,data_e_ora,quantita)	 	VALUES('Giugliano','h0fike4ua40o03te','SRNNTT90P56F839F',to_date('23/10/2019 15:00','dd/mm/yyyy hh24:mi'),1);
INSERT INTO 		vende(loc_rep,cod_prod,cf_cli,data_e_ora,quantita)	 	VALUES('Giugliano','rozywndt91wakcfn','TSCCTT97M20F924C',to_date('06/10/2019 16:00','dd/mm/yyyy hh24:mi'),1);
INSERT INTO 		vende(loc_rep,cod_prod,cf_cli,data_e_ora,quantita)	 	VALUES('Giugliano','98sbhuws45tv8t49','VNCSTT89L29L083F',to_date('11/10/2019 18:00','dd/mm/yyyy hh24:mi'),1);
INSERT INTO 		vende(loc_rep,cod_prod,cf_cli,data_e_ora,quantita)	 	VALUES('Giugliano','dmrbgosmzmaa5hqx','ZZRLRA95H23B905G',to_date('13/10/2019 20:00','dd/mm/yyyy hh24:mi'),1);
INSERT INTO 		vende(loc_rep,cod_prod,cf_cli,data_e_ora,quantita)	 	VALUES('Giugliano','isj9q8iw0ng6dyn7','FRRCLI99S09F839H',to_date('29/11/2019 16:00','dd/mm/yyyy hh24:mi'),1);
INSERT INTO 		vende(loc_rep,cod_prod,cf_cli,data_e_ora,quantita)	 	VALUES('Giugliano','zahv5wnrpa0p874k','RRNRSO97T45A783X',to_date('28/11/2019 11:00','dd/mm/yyyy hh24:mi'),1);
INSERT INTO 		vende(loc_rep,cod_prod,cf_cli,data_e_ora,quantita)	 	VALUES('Giugliano','tx1z4xrzstepau5d','PSSTRN98R66A509J',to_date('29/11/2019 11:00','dd/mm/yyyy hh24:mi'),1);
INSERT INTO 		vende(loc_rep,cod_prod,cf_cli,data_e_ora,quantita)	 	VALUES('Giugliano','54ezsh7dig88f6hj','SNTDGI98D03A783K',to_date('27/11/2019 17:00','dd/mm/yyyy hh24:mi'),1);
INSERT INTO 		vende(loc_rep,cod_prod,cf_cli,data_e_ora,quantita)	 	VALUES('Torre del Greco','6lir0ccsb1vyrp8d','LZNNDR87L15B905J',to_date('11/10/2019 14:30','dd/mm/yyyy hh24:mi'),1);
INSERT INTO 		vende(loc_rep,cod_prod,cf_cli,data_e_ora,quantita)	 	VALUES('Torre del Greco','2uiyta5avh49xz28','MTTVRE86L62F839Q',to_date('21/10/2019 15:30','dd/mm/yyyy hh24:mi'),1);
INSERT INTO 		vende(loc_rep,cod_prod,cf_cli,data_e_ora,quantita)	 	VALUES('Torre del Greco','3zjr9dtguwikmvg6','PRTCSC96D14F839M',to_date('12/10/2019 17:30','dd/mm/yyyy hh24:mi'),1);
INSERT INTO 		vende(loc_rep,cod_prod,cf_cli,data_e_ora,quantita)	 	VALUES('Torre del Greco','vegvju0wvlorck9p','HLDLLO94S57B905C',to_date('18/10/2019 19:30','dd/mm/yyyy hh24:mi'),1);
INSERT INTO 		vende(loc_rep,cod_prod,cf_cli,data_e_ora,quantita)	 	VALUES('Torre del Greco','5caw55qz03jdlh19','QTTMIA99S70F839M',to_date('29/11/2019 15:30','dd/mm/yyyy hh24:mi'),1);
INSERT INTO 		vende(loc_rep,cod_prod,cf_cli,data_e_ora,quantita)	 	VALUES('Torre del Greco','123456789123456r','PSCNTN99E14F352H',to_date('29/11/2019 17:30','dd/mm/yyyy hh24:mi'),1);
INSERT INTO 		vende(loc_rep,cod_prod,cf_cli,data_e_ora,quantita)	 	VALUES('Torre del Greco','123456789123456s','TCUPGR92C13F839H',to_date('27/11/2019 10:30','dd/mm/yyyy hh24:mi'),1);
INSERT INTO 		vende(loc_rep,cod_prod,cf_cli,data_e_ora,quantita)	 	VALUES('Pozzuoli','123456789123456t','MSCRND93B12A783N',to_date('01/10/2019 15:00','dd/mm/yyyy hh24:mi'),1);
INSERT INTO 		vende(loc_rep,cod_prod,cf_cli,data_e_ora,quantita)	 	VALUES('Pozzuoli','123456789123456u','LCNCHR93A52A509B',to_date('25/10/2019 16:00','dd/mm/yyyy hh24:mi'),1);
INSERT INTO 		vende(loc_rep,cod_prod,cf_cli,data_e_ora,quantita)	 	VALUES('Pozzuoli','123456789123456v','SSLDNL92P51B905E',to_date('18/10/2019 18:00','dd/mm/yyyy hh24:mi'),1);
INSERT INTO 		vende(loc_rep,cod_prod,cf_cli,data_e_ora,quantita)	 	VALUES('Pozzuoli','123456789123456z','MRTRAU96P57F839F',to_date('17/10/2019 20:00','dd/mm/yyyy hh24:mi'),1);
INSERT INTO 		vende(loc_rep,cod_prod,cf_cli,data_e_ora,quantita)	 	VALUES('Pozzuoli','1234567891234a67','BLSBNC92S17F839R',to_date('05/11/2019 16:00','dd/mm/yyyy hh24:mi'),1);
INSERT INTO 		vende(loc_rep,cod_prod,cf_cli,data_e_ora,quantita)	 	VALUES('Pozzuoli','1234567891234b67','VNNZRE91T58F839G',to_date('19/11/2019 11:00','dd/mm/yyyy hh24:mi'),1);
INSERT INTO 		vende(loc_rep,cod_prod,cf_cli,data_e_ora,quantita)	 	VALUES('Pozzuoli','ajhe567891234o67','CLMVLA91C22B905Y',to_date('29/11/2019 11:00','dd/mm/yyyy hh24:mi'),1);
INSERT INTO 		vende(loc_rep,cod_prod,cf_cli,data_e_ora,quantita)	 	VALUES('Pozzuoli','ajhe567891234n67','FNLCLD98B24F839X',to_date('17/11/2019 17:00','dd/mm/yyyy hh24:mi'),1);
INSERT INTO 		vende(loc_rep,cod_prod,cf_cli,data_e_ora,quantita)	 	VALUES('Casoria','ajhe567891234m67','MRTCLD94L12F839L',to_date('01/11/2019 14:00','dd/mm/yyyy hh24:mi'),1);
INSERT INTO 		vende(loc_rep,cod_prod,cf_cli,data_e_ora,quantita)	 	VALUES('Casoria','ajhe567891234l67','LMRGNM92E20A783Z',to_date('09/11/2019 15:00','dd/mm/yyyy hh24:mi'),1);
INSERT INTO 		vende(loc_rep,cod_prod,cf_cli,data_e_ora,quantita)	 	VALUES('Casoria','ajhe567891234i67','VREDMN90B10A783V',to_date('25/11/2019 17:00','dd/mm/yyyy hh24:mi'),1);
INSERT INTO 		vende(loc_rep,cod_prod,cf_cli,data_e_ora,quantita)	 	VALUES('Casoria','ajhe567891234h67','DFRSTR99B52A509N',to_date('30/11/2019 19:00','dd/mm/yyyy hh24:mi'),1);
INSERT INTO 		vende(loc_rep,cod_prod,cf_cli,data_e_ora,quantita)	 	VALUES('Casoria','ajhe567891234g67','DMAGCM94E30A783J',to_date('01/10/2019 15:00','dd/mm/yyyy hh24:mi'),1);
INSERT INTO 		vende(loc_rep,cod_prod,cf_cli,data_e_ora,quantita)	 	VALUES('Casoria','ajhe567891234e67','PRTVCN89S13F839N',to_date('18/10/2019 17:00','dd/mm/yyyy hh24:mi'),1);
INSERT INTO 		vende(loc_rep,cod_prod,cf_cli,data_e_ora,quantita)	 	VALUES('Casoria','ajhe567891234d67','CRTRND86R18F839V',to_date('17/10/2019 10:00','dd/mm/yyyy hh24:mi'),1);
INSERT INTO 		vende(loc_rep,cod_prod,cf_cli,data_e_ora,quantita)	 	VALUES('Acerra','123ak67891234c67','SRNNTT90P56F839F',to_date('23/10/2019 18:00','dd/mm/yyyy hh24:mi'),1);
INSERT INTO 		vende(loc_rep,cod_prod,cf_cli,data_e_ora,quantita)	 	VALUES('Acerra','223akrs442f34a67','TSCCTT97M20F924C',to_date('06/10/2019 17:00','dd/mm/yyyy hh24:mi'),1);
INSERT INTO 		vende(loc_rep,cod_prod,cf_cli,data_e_ora,quantita)	 	VALUES('Acerra','223akrs442f34b67','VNCSTT89L29L083F',to_date('11/10/2019 15:00','dd/mm/yyyy hh24:mi'),1);
INSERT INTO 		vende(loc_rep,cod_prod,cf_cli,data_e_ora,quantita)	 	VALUES('Acerra','223akrs442f34c67','ZZRLRA95H23B905G',to_date('13/10/2019 14:30','dd/mm/yyyy hh24:mi'),1);
INSERT INTO 		vende(loc_rep,cod_prod,cf_cli,data_e_ora,quantita)	 	VALUES('Acerra','223akrs442f34e67','FRRCLI99S09F839H',to_date('29/11/2019 17:00','dd/mm/yyyy hh24:mi'),1);
INSERT INTO 		vende(loc_rep,cod_prod,cf_cli,data_e_ora,quantita)	 	VALUES('Acerra','223akrs442f34r67','RRNRSO97T45A783X',to_date('28/11/2019 10:00','dd/mm/yyyy hh24:mi'),1);
INSERT INTO 		vende(loc_rep,cod_prod,cf_cli,data_e_ora,quantita)	 	VALUES('Acerra','223akrs442f34q67','PSSTRN98R66A509J',to_date('29/11/2019 18:00','dd/mm/yyyy hh24:mi'),1);
INSERT INTO 		vende(loc_rep,cod_prod,cf_cli,data_e_ora,quantita)	 	VALUES('Acerra','223akrs442f34p67','SNTDGI98D03A783K',to_date('27/11/2019 12:00','dd/mm/yyyy hh24:mi'),1);
INSERT INTO 		vende(loc_rep,cod_prod,cf_cli,data_e_ora,quantita)	 	VALUES('Aversa','223akrs442o34567','LZNNDR87L15B905J',to_date('23/10/2019 15:00','dd/mm/yyyy hh24:mi'),1);
INSERT INTO 		vende(loc_rep,cod_prod,cf_cli,data_e_ora,quantita)	 	VALUES('Aversa','223akrs442n34567','MTTVRE86L62F839Q',to_date('06/10/2019 16:00','dd/mm/yyyy hh24:mi'),1);
INSERT INTO 		vende(loc_rep,cod_prod,cf_cli,data_e_ora,quantita)	 	VALUES('Aversa','223akrs442m34567','PRTCSC96D14F839M',to_date('11/10/2019 18:00','dd/mm/yyyy hh24:mi'),1);
INSERT INTO 		vende(loc_rep,cod_prod,cf_cli,data_e_ora,quantita)	 	VALUES('Aversa','223akrs442fl4567','HLDLLO94S57B905C',to_date('13/10/2019 20:00','dd/mm/yyyy hh24:mi'),1);
INSERT INTO 		vende(loc_rep,cod_prod,cf_cli,data_e_ora,quantita)	 	VALUES('Aversa','223akrs442f3i567','QTTMIA99S70F839M',to_date('29/11/2019 16:00','dd/mm/yyyy hh24:mi'),1);
INSERT INTO 		vende(loc_rep,cod_prod,cf_cli,data_e_ora,quantita)	 	VALUES('Aversa','otjk1lfwqxpqvgta','LNEFNC98B18F839U',to_date('28/11/2019 11:00','dd/mm/yyyy hh24:mi'),1);
INSERT INTO 		vende(loc_rep,cod_prod,cf_cli,data_e_ora,quantita)	 	VALUES('Aversa','9lps4u0xljlvdkyw','PSCNTN99E14F352H',to_date('29/11/2019 11:00','dd/mm/yyyy hh24:mi'),1);
INSERT INTO 		vende(loc_rep,cod_prod,cf_cli,data_e_ora,quantita)	 	VALUES('Aversa','jxgix5jcnefzfkdj','TCUPGR92C13F839H',to_date('27/11/2019 17:00','dd/mm/yyyy hh24:mi'),1);