--%%%%%		FORNITORE
INSERT INTO		fornitore(partita_iva,nome,nazionalita)		VALUES('KPJS3U8ZO53','Shinra store','Giappone');
INSERT INTO		fornitore(partita_iva,nome,nazionalita)		VALUES('JK4S3X45IGW','Fox hound','America');
INSERT INTO		fornitore(partita_iva,nome,nazionalita)		VALUES('JYH6W99APQF','Crystal gem','Danimarca');
INSERT INTO		fornitore(partita_iva,nome,nazionalita)		VALUES('5GP8WN2TJA0','alpha weltall','Cina');
INSERT INTO		fornitore(partita_iva,nome,nazionalita)		VALUES('I2OBQE031UR','zone of enders','Islanda');
INSERT INTO		fornitore(partita_iva,nome,nazionalita)		VALUES('LYEJC8AVP64','Ragtime jazz','America');
INSERT INTO		fornitore(partita_iva,nome,nazionalita)		VALUES('R5QTSAH066V','Gekko state','Italia');
INSERT INTO		fornitore(partita_iva,nome,nazionalita)		VALUES('FP2HRIBNBH3','Amazonfake','Italia');
INSERT INTO		fornitore(partita_iva,nome,nazionalita)		VALUES('7F2A1Q010LL','fornitore1','Italia');
INSERT INTO		fornitore(partita_iva,nome,nazionalita)		VALUES('O8E5S5OQJXE','fornitore2','Italia');
INSERT INTO		fornitore(partita_iva,nome,nazionalita)		VALUES('SE3N7YDTBLL','fornitore3','Italia');
INSERT INTO		fornitore(partita_iva,nome,nazionalita)		VALUES('NJOI0VQTDX0','fornitore4','Italia');
INSERT INTO		fornitore(partita_iva,nome,nazionalita)		VALUES('XM8QXXMKQWA','fornitore5','Italia');
INSERT INTO		fornitore(partita_iva,nome,nazionalita)		VALUES('M8VGLHCQVPF','fornitore6','Italia');
INSERT INTO		fornitore(partita_iva,nome,nazionalita)		VALUES('NWTMIA6LO62','fornitore7','Italia');

--%%%%%		FORNITURA
INSERT INTO 	fornitura(data,partita_iva_for,costo)		VALUES(to_date('10/11/2019','dd/mm/yyyy'),'KPJS3U8ZO53',2200);
INSERT INTO		fornitura(data,partita_iva_for,costo)		VALUES(to_date('19/11/2019','dd/mm/yyyy'),'JK4S3X45IGW',2800);
INSERT INTO		fornitura(data,partita_iva_for,costo)		VALUES(to_date('15/11/2019','dd/mm/yyyy'),'JYH6W99APQF',2250);
INSERT INTO		fornitura(data,partita_iva_for,costo)		VALUES(to_date('20/11/2019','dd/mm/yyyy'),'5GP8WN2TJA0',2500);
INSERT INTO		fornitura(data,partita_iva_for,costo)		VALUES(to_date('25/11/2019','dd/mm/yyyy'),'I2OBQE031UR',1900);
INSERT INTO		fornitura(data,partita_iva_for,costo)		VALUES(to_date('1/11/2019','dd/mm/yyyy') ,'LYEJC8AVP64',2000);
INSERT INTO		fornitura(data,partita_iva_for,costo)		VALUES(to_date('22/11/2019','dd/mm/yyyy'),'R5QTSAH066V',2200);
INSERT INTO		fornitura(data,partita_iva_for,costo)		VALUES(to_date('29/11/2019','dd/mm/yyyy'),'FP2HRIBNBH3',2350);
INSERT INTO 	fornitura(data,partita_iva_for,costo)		VALUES(to_date('17/11/2019','dd/mm/yyyy'),'7F2A1Q010LL',2300);
INSERT INTO		fornitura(data,partita_iva_for,costo)		VALUES(to_date('22/12/2019','dd/mm/yyyy'),'O8E5S5OQJXE',2400);
INSERT INTO		fornitura(data,partita_iva_for,costo)		VALUES(to_date('29/12/2019','dd/mm/yyyy'),'SE3N7YDTBLL',1850);
INSERT INTO		fornitura(data,partita_iva_for,costo)		VALUES(to_date('17/12/2019','dd/mm/yyyy'),'NJOI0VQTDX0',1900);
INSERT INTO		fornitura(data,partita_iva_for,costo)		VALUES(to_date('1/12/2019','dd/mm/yyyy') ,'XM8QXXMKQWA',2100);
INSERT INTO		fornitura(data,partita_iva_for,costo)		VALUES(to_date('10/12/2019','dd/mm/yyyy'),'M8VGLHCQVPF',2200);
INSERT INTO		fornitura(data,partita_iva_for,costo)		VALUES(to_date('19/12/2019','dd/mm/yyyy'),'NWTMIA6LO62',2400);
INSERT INTO		fornitura(data,partita_iva_for,costo)		VALUES(to_date('15/12/2019','dd/mm/yyyy'),'KPJS3U8ZO53',2150);

--%%%%% PRODOTTI CONTENUTI
INSERT INTO		prodotti_contenuti(data_for,partita_iva_for,codice_prod, quantita)		VALUES(to_date('10/11/2019','dd/mm/yyyy'),'KPJS3U8ZO53','gz2w8fi4wjhx3nar',10);
INSERT INTO		prodotti_contenuti(data_for,partita_iva_for,codice_prod, quantita)		VALUES(to_date('10/11/2019','dd/mm/yyyy'),'KPJS3U8ZO53','6il6gl938okpjxeo',10);
INSERT INTO		prodotti_contenuti(data_for,partita_iva_for,codice_prod, quantita)		VALUES(to_date('10/11/2019','dd/mm/yyyy'),'KPJS3U8ZO53','renvwiush87dpw26',10);
INSERT INTO		prodotti_contenuti(data_for,partita_iva_for,codice_prod, quantita)		VALUES(to_date('10/11/2019','dd/mm/yyyy'),'KPJS3U8ZO53','r48ymft9ua96aagk',10);
INSERT INTO		prodotti_contenuti(data_for,partita_iva_for,codice_prod, quantita)		VALUES(to_date('10/11/2019','dd/mm/yyyy'),'KPJS3U8ZO53','8y2d33sjsmd4jrqw',10);
INSERT INTO		prodotti_contenuti(data_for,partita_iva_for,codice_prod, quantita)		VALUES(to_date('10/11/2019','dd/mm/yyyy'),'KPJS3U8ZO53','uu3g5qehpdzmlcxl',10);
INSERT INTO		prodotti_contenuti(data_for,partita_iva_for,codice_prod, quantita)		VALUES(to_date('10/11/2019','dd/mm/yyyy'),'KPJS3U8ZO53','jnr9tsa9z427zmr5',10);
INSERT INTO		prodotti_contenuti(data_for,partita_iva_for,codice_prod, quantita)		VALUES(to_date('10/11/2019','dd/mm/yyyy'),'KPJS3U8ZO53','u5yp9wn0j8wxp4tb',10);
INSERT INTO		prodotti_contenuti(data_for,partita_iva_for,codice_prod, quantita)		VALUES(to_date('19/11/2019','dd/mm/yyyy'),'JK4S3X45IGW','30yxnt7fdj05vwj4',10);
INSERT INTO		prodotti_contenuti(data_for,partita_iva_for,codice_prod, quantita)		VALUES(to_date('19/11/2019','dd/mm/yyyy'),'JK4S3X45IGW','43v36xlt376c6hch',10);
INSERT INTO		prodotti_contenuti(data_for,partita_iva_for,codice_prod, quantita)		VALUES(to_date('19/11/2019','dd/mm/yyyy'),'JK4S3X45IGW','zsy2pe7djhexq9dj',10);
INSERT INTO		prodotti_contenuti(data_for,partita_iva_for,codice_prod, quantita)		VALUES(to_date('19/11/2019','dd/mm/yyyy'),'JK4S3X45IGW','cao5d2gc0ilbr2tb',10);
INSERT INTO		prodotti_contenuti(data_for,partita_iva_for,codice_prod, quantita)		VALUES(to_date('19/11/2019','dd/mm/yyyy'),'JK4S3X45IGW','16kfqximd48j3mam',10);
INSERT INTO		prodotti_contenuti(data_for,partita_iva_for,codice_prod, quantita)		VALUES(to_date('15/11/2019','dd/mm/yyyy'),'JYH6W99APQF','rd31wh7nbz7q59nf',10);
INSERT INTO		prodotti_contenuti(data_for,partita_iva_for,codice_prod, quantita)		VALUES(to_date('15/11/2019','dd/mm/yyyy'),'JYH6W99APQF','1mdmse0z3g20qzom',10);
INSERT INTO		prodotti_contenuti(data_for,partita_iva_for,codice_prod, quantita)		VALUES(to_date('15/11/2019','dd/mm/yyyy'),'JYH6W99APQF','utec8l2ez39z6t1z',10);
INSERT INTO		prodotti_contenuti(data_for,partita_iva_for,codice_prod, quantita)		VALUES(to_date('15/11/2019','dd/mm/yyyy'),'JYH6W99APQF','huwznmbcwsp76jk0',10);
INSERT INTO		prodotti_contenuti(data_for,partita_iva_for,codice_prod, quantita)		VALUES(to_date('15/11/2019','dd/mm/yyyy'),'JYH6W99APQF','h0fike4ua40o03te',10);
INSERT INTO		prodotti_contenuti(data_for,partita_iva_for,codice_prod, quantita)		VALUES(to_date('15/11/2019','dd/mm/yyyy'),'JYH6W99APQF','rozywndt91wakcfn',10);
INSERT INTO		prodotti_contenuti(data_for,partita_iva_for,codice_prod, quantita)		VALUES(to_date('15/11/2019','dd/mm/yyyy'),'JYH6W99APQF','98sbhuws45tv8t49',10);
INSERT INTO		prodotti_contenuti(data_for,partita_iva_for,codice_prod, quantita)		VALUES(to_date('15/11/2019','dd/mm/yyyy'),'JYH6W99APQF','dmrbgosmzmaa5hqx',10);
INSERT INTO		prodotti_contenuti(data_for,partita_iva_for,codice_prod, quantita)		VALUES(to_date('20/11/2019','dd/mm/yyyy'),'5GP8WN2TJA0','isj9q8iw0ng6dyn7',10);
INSERT INTO		prodotti_contenuti(data_for,partita_iva_for,codice_prod, quantita)		VALUES(to_date('20/11/2019','dd/mm/yyyy'),'5GP8WN2TJA0','zahv5wnrpa0p874k',10);
INSERT INTO		prodotti_contenuti(data_for,partita_iva_for,codice_prod, quantita)		VALUES(to_date('20/11/2019','dd/mm/yyyy'),'5GP8WN2TJA0','tx1z4xrzstepau5d',10);
INSERT INTO		prodotti_contenuti(data_for,partita_iva_for,codice_prod, quantita)		VALUES(to_date('20/11/2019','dd/mm/yyyy'),'5GP8WN2TJA0','54ezsh7dig88f6hj',10);
INSERT INTO		prodotti_contenuti(data_for,partita_iva_for,codice_prod, quantita)		VALUES(to_date('20/11/2019','dd/mm/yyyy'),'5GP8WN2TJA0','6lir0ccsb1vyrp8d',10);
INSERT INTO		prodotti_contenuti(data_for,partita_iva_for,codice_prod, quantita)		VALUES(to_date('25/11/2019','dd/mm/yyyy'),'I2OBQE031UR','2uiyta5avh49xz28',10);
INSERT INTO		prodotti_contenuti(data_for,partita_iva_for,codice_prod, quantita)		VALUES(to_date('25/11/2019','dd/mm/yyyy'),'I2OBQE031UR','3zjr9dtguwikmvg6',10);
INSERT INTO		prodotti_contenuti(data_for,partita_iva_for,codice_prod, quantita)		VALUES(to_date('25/11/2019','dd/mm/yyyy'),'I2OBQE031UR','vegvju0wvlorck9p',10);
INSERT INTO		prodotti_contenuti(data_for,partita_iva_for,codice_prod, quantita)		VALUES(to_date('25/11/2019','dd/mm/yyyy'),'I2OBQE031UR','5caw55qz03jdlh19',10);
INSERT INTO		prodotti_contenuti(data_for,partita_iva_for,codice_prod, quantita)		VALUES(to_date('25/11/2019','dd/mm/yyyy'),'I2OBQE031UR','123456789123456q',10);
INSERT INTO		prodotti_contenuti(data_for,partita_iva_for,codice_prod, quantita)		VALUES(to_date('25/11/2019','dd/mm/yyyy'),'I2OBQE031UR','123456789123456r',10);
INSERT INTO		prodotti_contenuti(data_for,partita_iva_for,codice_prod, quantita)		VALUES(to_date('25/11/2019','dd/mm/yyyy'),'I2OBQE031UR','123456789123456s',10);
INSERT INTO		prodotti_contenuti(data_for,partita_iva_for,codice_prod, quantita)		VALUES(to_date('1/11/2019','dd/mm/yyyy') ,'LYEJC8AVP64','123456789123456t',10);
INSERT INTO		prodotti_contenuti(data_for,partita_iva_for,codice_prod, quantita)		VALUES(to_date('1/11/2019','dd/mm/yyyy') ,'LYEJC8AVP64','123456789123456u',10);
INSERT INTO		prodotti_contenuti(data_for,partita_iva_for,codice_prod, quantita)		VALUES(to_date('1/11/2019','dd/mm/yyyy') ,'LYEJC8AVP64','123456789123456v',10);
INSERT INTO		prodotti_contenuti(data_for,partita_iva_for,codice_prod, quantita)		VALUES(to_date('1/11/2019','dd/mm/yyyy') ,'LYEJC8AVP64','123456789123456z',10);
INSERT INTO		prodotti_contenuti(data_for,partita_iva_for,codice_prod, quantita)		VALUES(to_date('1/11/2019','dd/mm/yyyy') ,'LYEJC8AVP64','1234567891234a67',10);
INSERT INTO		prodotti_contenuti(data_for,partita_iva_for,codice_prod, quantita)		VALUES(to_date('1/11/2019','dd/mm/yyyy') ,'LYEJC8AVP64','1234567891234b67',10);
INSERT INTO		prodotti_contenuti(data_for,partita_iva_for,codice_prod, quantita)		VALUES(to_date('1/11/2019','dd/mm/yyyy') ,'LYEJC8AVP64','ajhe567891234o67',10);
INSERT INTO		prodotti_contenuti(data_for,partita_iva_for,codice_prod, quantita)		VALUES(to_date('1/11/2019','dd/mm/yyyy') ,'LYEJC8AVP64','ajhe567891234n67',10);
INSERT INTO		prodotti_contenuti(data_for,partita_iva_for,codice_prod, quantita)		VALUES(to_date('1/11/2019','dd/mm/yyyy') ,'LYEJC8AVP64','ajhe567891234m67',10);
INSERT INTO		prodotti_contenuti(data_for,partita_iva_for,codice_prod, quantita)		VALUES(to_date('22/11/2019','dd/mm/yyyy'),'R5QTSAH066V','ajhe567891234l67',10);
INSERT INTO		prodotti_contenuti(data_for,partita_iva_for,codice_prod, quantita)		VALUES(to_date('22/11/2019','dd/mm/yyyy'),'R5QTSAH066V','ajhe567891234i67',10);
INSERT INTO		prodotti_contenuti(data_for,partita_iva_for,codice_prod, quantita)		VALUES(to_date('22/11/2019','dd/mm/yyyy'),'R5QTSAH066V','ajhe567891234h67',10);
INSERT INTO		prodotti_contenuti(data_for,partita_iva_for,codice_prod, quantita)		VALUES(to_date('22/11/2019','dd/mm/yyyy'),'R5QTSAH066V','ajhe567891234g67',10);
INSERT INTO		prodotti_contenuti(data_for,partita_iva_for,codice_prod, quantita)		VALUES(to_date('22/11/2019','dd/mm/yyyy'),'R5QTSAH066V','ajhe567891234f67',10);
INSERT INTO		prodotti_contenuti(data_for,partita_iva_for,codice_prod, quantita)		VALUES(to_date('22/11/2019','dd/mm/yyyy'),'R5QTSAH066V','ajhe567891234e67',10);
INSERT INTO		prodotti_contenuti(data_for,partita_iva_for,codice_prod, quantita)		VALUES(to_date('29/11/2019','dd/mm/yyyy'),'FP2HRIBNBH3','ajhe567891234d67',10);
INSERT INTO		prodotti_contenuti(data_for,partita_iva_for,codice_prod, quantita)		VALUES(to_date('29/11/2019','dd/mm/yyyy'),'FP2HRIBNBH3','123ak67891234c67',10);
INSERT INTO		prodotti_contenuti(data_for,partita_iva_for,codice_prod, quantita)		VALUES(to_date('29/11/2019','dd/mm/yyyy'),'FP2HRIBNBH3','223akrs442f34a67',10);
INSERT INTO		prodotti_contenuti(data_for,partita_iva_for,codice_prod, quantita)		VALUES(to_date('29/11/2019','dd/mm/yyyy'),'FP2HRIBNBH3','223akrs442f34b67',10);
INSERT INTO		prodotti_contenuti(data_for,partita_iva_for,codice_prod, quantita)		VALUES(to_date('17/11/2019','dd/mm/yyyy'),'7F2A1Q010LL','223akrs442f34c67',10);
INSERT INTO		prodotti_contenuti(data_for,partita_iva_for,codice_prod, quantita)		VALUES(to_date('17/11/2019','dd/mm/yyyy'),'7F2A1Q010LL','223akrs442f34e67',10);
INSERT INTO		prodotti_contenuti(data_for,partita_iva_for,codice_prod, quantita)		VALUES(to_date('17/11/2019','dd/mm/yyyy'),'7F2A1Q010LL','223akrs442f34r67',10);
INSERT INTO		prodotti_contenuti(data_for,partita_iva_for,codice_prod, quantita)		VALUES(to_date('17/11/2019','dd/mm/yyyy'),'7F2A1Q010LL','223akrs442f34q67',10);
INSERT INTO		prodotti_contenuti(data_for,partita_iva_for,codice_prod, quantita)		VALUES(to_date('22/12/2019','dd/mm/yyyy'),'O8E5S5OQJXE','223akrs442f34p67',10);
INSERT INTO		prodotti_contenuti(data_for,partita_iva_for,codice_prod, quantita)		VALUES(to_date('22/12/2019','dd/mm/yyyy'),'O8E5S5OQJXE','223akrs442o34567',10);
INSERT INTO		prodotti_contenuti(data_for,partita_iva_for,codice_prod, quantita)		VALUES(to_date('22/12/2019','dd/mm/yyyy'),'O8E5S5OQJXE','223akrs442n34567',10);
INSERT INTO		prodotti_contenuti(data_for,partita_iva_for,codice_prod, quantita)		VALUES(to_date('22/12/2019','dd/mm/yyyy'),'O8E5S5OQJXE','223akrs442m34567',10);
INSERT INTO		prodotti_contenuti(data_for,partita_iva_for,codice_prod, quantita)		VALUES(to_date('22/12/2019','dd/mm/yyyy'),'O8E5S5OQJXE','223akrs442fl4567',10);
INSERT INTO		prodotti_contenuti(data_for,partita_iva_for,codice_prod, quantita)		VALUES(to_date('22/12/2019','dd/mm/yyyy'),'O8E5S5OQJXE','223akrs442f3i567',10);
INSERT INTO		prodotti_contenuti(data_for,partita_iva_for,codice_prod, quantita)		VALUES(to_date('1/12/2019','dd/mm/yyyy') ,'XM8QXXMKQWA','otjk1lfwqxpqvgta',10);
INSERT INTO		prodotti_contenuti(data_for,partita_iva_for,codice_prod, quantita)		VALUES(to_date('1/12/2019','dd/mm/yyyy') ,'XM8QXXMKQWA','9lps4u0xljlvdkyw',10);
INSERT INTO		prodotti_contenuti(data_for,partita_iva_for,codice_prod, quantita)		VALUES(to_date('1/12/2019','dd/mm/yyyy') ,'XM8QXXMKQWA','jxgix5jcnefzfkdj',10);
INSERT INTO		prodotti_contenuti(data_for,partita_iva_for,codice_prod, quantita)		VALUES(to_date('1/12/2019','dd/mm/yyyy') ,'XM8QXXMKQWA','jyi9lk32nqpecpft',10);
INSERT INTO		prodotti_contenuti(data_for,partita_iva_for,codice_prod, quantita)		VALUES(to_date('29/12/2019','dd/mm/yyyy'),'SE3N7YDTBLL','p5hk8ad77hnicvji',10);
INSERT INTO		prodotti_contenuti(data_for,partita_iva_for,codice_prod, quantita)		VALUES(to_date('29/12/2019','dd/mm/yyyy'),'SE3N7YDTBLL','5dgfsp5mcgy9cws7',10);
INSERT INTO		prodotti_contenuti(data_for,partita_iva_for,codice_prod, quantita)		VALUES(to_date('29/12/2019','dd/mm/yyyy'),'SE3N7YDTBLL','zbkrd4bz7363ygko',10);
INSERT INTO		prodotti_contenuti(data_for,partita_iva_for,codice_prod, quantita)		VALUES(to_date('10/12/2019','dd/mm/yyyy'),'M8VGLHCQVPF','esp1f2sbhksn8pzi',10);
INSERT INTO		prodotti_contenuti(data_for,partita_iva_for,codice_prod, quantita)		VALUES(to_date('10/12/2019','dd/mm/yyyy'),'M8VGLHCQVPF','8islcvugodun9i4t',10);
INSERT INTO		prodotti_contenuti(data_for,partita_iva_for,codice_prod, quantita)		VALUES(to_date('10/12/2019','dd/mm/yyyy'),'M8VGLHCQVPF','p5r17h5l9tzg817o',10);
INSERT INTO		prodotti_contenuti(data_for,partita_iva_for,codice_prod, quantita)		VALUES(to_date('10/12/2019','dd/mm/yyyy'),'M8VGLHCQVPF','yx9doj9ywsfthvz0',10);
INSERT INTO		prodotti_contenuti(data_for,partita_iva_for,codice_prod, quantita)		VALUES(to_date('10/12/2019','dd/mm/yyyy'),'M8VGLHCQVPF','zew1mf6ew1vxauvx',10);
INSERT INTO		prodotti_contenuti(data_for,partita_iva_for,codice_prod, quantita)		VALUES(to_date('17/12/2019','dd/mm/yyyy'),'NJOI0VQTDX0','7p4ym89d85rhg2iz',10);
INSERT INTO		prodotti_contenuti(data_for,partita_iva_for,codice_prod, quantita)		VALUES(to_date('17/12/2019','dd/mm/yyyy'),'NJOI0VQTDX0','mwaixp3v7ep66hya',10);
INSERT INTO		prodotti_contenuti(data_for,partita_iva_for,codice_prod, quantita)		VALUES(to_date('17/12/2019','dd/mm/yyyy'),'NJOI0VQTDX0','ltai6o099rbjz1c2',10);
INSERT INTO		prodotti_contenuti(data_for,partita_iva_for,codice_prod, quantita)		VALUES(to_date('17/12/2019','dd/mm/yyyy'),'NJOI0VQTDX0','gz2w8fi4wjhx3nar',10);
INSERT INTO		prodotti_contenuti(data_for,partita_iva_for,codice_prod, quantita)		VALUES(to_date('19/12/2019','dd/mm/yyyy'),'NWTMIA6LO62','6il6gl938okpjxeo',10);
INSERT INTO		prodotti_contenuti(data_for,partita_iva_for,codice_prod, quantita)		VALUES(to_date('19/12/2019','dd/mm/yyyy'),'NWTMIA6LO62','renvwiush87dpw26',10);
INSERT INTO		prodotti_contenuti(data_for,partita_iva_for,codice_prod, quantita)		VALUES(to_date('19/12/2019','dd/mm/yyyy'),'NWTMIA6LO62','r48ymft9ua96aagk',10);
INSERT INTO		prodotti_contenuti(data_for,partita_iva_for,codice_prod, quantita)		VALUES(to_date('19/12/2019','dd/mm/yyyy'),'NWTMIA6LO62','8y2d33sjsmd4jrqw',10);
INSERT INTO		prodotti_contenuti(data_for,partita_iva_for,codice_prod, quantita)		VALUES(to_date('15/12/2019','dd/mm/yyyy'),'KPJS3U8ZO53','uu3g5qehpdzmlcxl',10);
INSERT INTO		prodotti_contenuti(data_for,partita_iva_for,codice_prod, quantita)		VALUES(to_date('15/12/2019','dd/mm/yyyy'),'KPJS3U8ZO53','jnr9tsa9z427zmr5',10);
INSERT INTO		prodotti_contenuti(data_for,partita_iva_for,codice_prod, quantita)		VALUES(to_date('15/12/2019','dd/mm/yyyy'),'KPJS3U8ZO53','u5yp9wn0j8wxp4tb',10);
INSERT INTO		prodotti_contenuti(data_for,partita_iva_for,codice_prod, quantita)		VALUES(to_date('15/12/2019','dd/mm/yyyy'),'KPJS3U8ZO53','30yxnt7fdj05vwj4',10);

--%%%%% APPROVVIGGIONAMENTI
INSERT INTO		approvviggionamento(loc_filiale,data )		VALUES('Napoli',				to_date('17/11/2019','dd/mm/yyyy'));
INSERT INTO		approvviggionamento(loc_filiale,data )		VALUES('Benevento', 			to_date('11/11/2019','dd/mm/yyyy'));
INSERT INTO		approvviggionamento(loc_filiale,data )		VALUES('Avellino',				to_date('23/11/2019','dd/mm/yyyy'));
INSERT INTO		approvviggionamento(loc_filiale,data )		VALUES('Caserta',				to_date('17/11/2019','dd/mm/yyyy'));
INSERT INTO		approvviggionamento(loc_filiale,data )		VALUES('Salerno',				to_date('07/11/2019','dd/mm/yyyy'));
INSERT INTO		approvviggionamento(loc_filiale,data )		VALUES('Giugliano',				to_date('17/11/2019','dd/mm/yyyy'));
INSERT INTO		approvviggionamento(loc_filiale,data )		VALUES('Giugliano',				to_date('15/11/2019','dd/mm/yyyy'));
INSERT INTO		approvviggionamento(loc_filiale,data )		VALUES('Torre del Greco',		to_date('17/12/2019','dd/mm/yyyy'));
INSERT INTO		approvviggionamento(loc_filiale,data )		VALUES('Pozzuoli',				to_date('15/12/2019','dd/mm/yyyy'));
INSERT INTO		approvviggionamento(loc_filiale,data )		VALUES('Casoria',				to_date('21/12/2019','dd/mm/yyyy'));
INSERT INTO		approvviggionamento(loc_filiale,data )		VALUES('Napoli',				to_date('17/12/2019','dd/mm/yyyy'));
INSERT INTO		approvviggionamento(loc_filiale,data )		VALUES('Acerra',				to_date('17/12/2019','dd/mm/yyyy'));
INSERT INTO		approvviggionamento(loc_filiale,data )		VALUES('Caserta',				to_date('16/12/2019','dd/mm/yyyy'));
INSERT INTO		approvviggionamento(loc_filiale,data )		VALUES('Benevento',				to_date('17/12/2019','dd/mm/yyyy'));
INSERT INTO		approvviggionamento(loc_filiale,data )		VALUES('Aversa',				to_date('17/12/2019','dd/mm/yyyy'));

--%%%%% CONSISTE
INSERT INTO		consiste(loc_fil,data_app,codice_prod, quantita)		VALUES('Napoli',				to_date('17/11/2019','dd/mm/yyyy'),'gz2w8fi4wjhx3nar',10);
INSERT INTO		consiste(loc_fil,data_app,codice_prod, quantita)		VALUES('Napoli',				to_date('17/11/2019','dd/mm/yyyy'),'6il6gl938okpjxeo',10);
INSERT INTO		consiste(loc_fil,data_app,codice_prod, quantita)		VALUES('Napoli',				to_date('17/11/2019','dd/mm/yyyy'),'renvwiush87dpw26',10);
INSERT INTO		consiste(loc_fil,data_app,codice_prod, quantita)		VALUES('Napoli',				to_date('17/11/2019','dd/mm/yyyy'),'r48ymft9ua96aagk',10);
INSERT INTO		consiste(loc_fil,data_app,codice_prod, quantita)		VALUES('Napoli',				to_date('17/11/2019','dd/mm/yyyy'),'8y2d33sjsmd4jrqw',10);
INSERT INTO		consiste(loc_fil,data_app,codice_prod, quantita)		VALUES('Napoli',				to_date('17/11/2019','dd/mm/yyyy'),'uu3g5qehpdzmlcxl',10);
INSERT INTO		consiste(loc_fil,data_app,codice_prod, quantita)		VALUES('Napoli',				to_date('17/11/2019','dd/mm/yyyy'),'jnr9tsa9z427zmr5',10);
INSERT INTO		consiste(loc_fil,data_app,codice_prod, quantita)		VALUES('Napoli',				to_date('17/11/2019','dd/mm/yyyy'),'u5yp9wn0j8wxp4tb',10);
INSERT INTO		consiste(loc_fil,data_app,codice_prod, quantita)		VALUES('Napoli',				to_date('17/11/2019','dd/mm/yyyy'),'30yxnt7fdj05vwj4',10);
INSERT INTO		consiste(loc_fil,data_app,codice_prod, quantita)		VALUES('Napoli',				to_date('17/11/2019','dd/mm/yyyy'),'43v36xlt376c6hch',10);
INSERT INTO		consiste(loc_fil,data_app,codice_prod, quantita)		VALUES('Benevento', 			to_date('11/11/2019','dd/mm/yyyy'),'zsy2pe7djhexq9dj',10);
INSERT INTO		consiste(loc_fil,data_app,codice_prod, quantita)		VALUES('Benevento', 			to_date('11/11/2019','dd/mm/yyyy'),'cao5d2gc0ilbr2tb',10);
INSERT INTO		consiste(loc_fil,data_app,codice_prod, quantita)		VALUES('Benevento', 			to_date('11/11/2019','dd/mm/yyyy'),'16kfqximd48j3mam',10);
INSERT INTO		consiste(loc_fil,data_app,codice_prod, quantita)		VALUES('Benevento', 			to_date('11/11/2019','dd/mm/yyyy'),'rd31wh7nbz7q59nf',10);
INSERT INTO		consiste(loc_fil,data_app,codice_prod, quantita)		VALUES('Benevento', 			to_date('11/11/2019','dd/mm/yyyy'),'1mdmse0z3g20qzom',10);
INSERT INTO		consiste(loc_fil,data_app,codice_prod, quantita)		VALUES('Benevento', 			to_date('11/11/2019','dd/mm/yyyy'),'utec8l2ez39z6t1z',10);
INSERT INTO		consiste(loc_fil,data_app,codice_prod, quantita)		VALUES('Benevento', 			to_date('11/11/2019','dd/mm/yyyy'),'huwznmbcwsp76jk0',10);
INSERT INTO		consiste(loc_fil,data_app,codice_prod, quantita)		VALUES('Benevento', 			to_date('11/11/2019','dd/mm/yyyy'),'h0fike4ua40o03te',10);
INSERT INTO		consiste(loc_fil,data_app,codice_prod, quantita)		VALUES('Benevento', 			to_date('11/11/2019','dd/mm/yyyy'),'rozywndt91wakcfn',10);
INSERT INTO		consiste(loc_fil,data_app,codice_prod, quantita)		VALUES('Benevento', 			to_date('11/11/2019','dd/mm/yyyy'),'98sbhuws45tv8t49',10);
INSERT INTO		consiste(loc_fil,data_app,codice_prod, quantita)		VALUES('Avellino',				to_date('23/11/2019','dd/mm/yyyy'),'dmrbgosmzmaa5hqx',10);
INSERT INTO		consiste(loc_fil,data_app,codice_prod, quantita)		VALUES('Avellino',				to_date('23/11/2019','dd/mm/yyyy'),'isj9q8iw0ng6dyn7',10);
INSERT INTO		consiste(loc_fil,data_app,codice_prod, quantita)		VALUES('Avellino',				to_date('23/11/2019','dd/mm/yyyy'),'zahv5wnrpa0p874k',10);
INSERT INTO		consiste(loc_fil,data_app,codice_prod, quantita)		VALUES('Avellino',				to_date('23/11/2019','dd/mm/yyyy'),'tx1z4xrzstepau5d',10);
INSERT INTO		consiste(loc_fil,data_app,codice_prod, quantita)		VALUES('Avellino',				to_date('23/11/2019','dd/mm/yyyy'),'54ezsh7dig88f6hj',10);
INSERT INTO		consiste(loc_fil,data_app,codice_prod, quantita)		VALUES('Avellino',				to_date('23/11/2019','dd/mm/yyyy'),'6lir0ccsb1vyrp8d',10);
INSERT INTO		consiste(loc_fil,data_app,codice_prod, quantita)		VALUES('Avellino',				to_date('23/11/2019','dd/mm/yyyy'),'2uiyta5avh49xz28',10);
INSERT INTO		consiste(loc_fil,data_app,codice_prod, quantita)		VALUES('Avellino',				to_date('23/11/2019','dd/mm/yyyy'),'3zjr9dtguwikmvg6',10);
INSERT INTO		consiste(loc_fil,data_app,codice_prod, quantita)		VALUES('Avellino',				to_date('23/11/2019','dd/mm/yyyy'),'vegvju0wvlorck9p',10);
INSERT INTO		consiste(loc_fil,data_app,codice_prod, quantita)		VALUES('Avellino',				to_date('23/11/2019','dd/mm/yyyy'),'5caw55qz03jdlh19',10);
INSERT INTO		consiste(loc_fil,data_app,codice_prod, quantita)		VALUES('Caserta',				to_date('17/11/2019','dd/mm/yyyy'),'123456789123456q',10);
INSERT INTO		consiste(loc_fil,data_app,codice_prod, quantita)		VALUES('Caserta',				to_date('17/11/2019','dd/mm/yyyy'),'123456789123456r',10);
INSERT INTO		consiste(loc_fil,data_app,codice_prod, quantita)		VALUES('Caserta',				to_date('17/11/2019','dd/mm/yyyy'),'123456789123456s',10);
INSERT INTO		consiste(loc_fil,data_app,codice_prod, quantita)		VALUES('Caserta',				to_date('17/11/2019','dd/mm/yyyy'),'123456789123456t',10);
INSERT INTO		consiste(loc_fil,data_app,codice_prod, quantita)		VALUES('Caserta',				to_date('17/11/2019','dd/mm/yyyy'),'123456789123456u',10);
INSERT INTO		consiste(loc_fil,data_app,codice_prod, quantita)		VALUES('Caserta',				to_date('17/11/2019','dd/mm/yyyy'),'123456789123456v',10);
INSERT INTO		consiste(loc_fil,data_app,codice_prod, quantita)		VALUES('Caserta',				to_date('17/11/2019','dd/mm/yyyy'),'123456789123456z',10);
INSERT INTO		consiste(loc_fil,data_app,codice_prod, quantita)		VALUES('Caserta',				to_date('17/11/2019','dd/mm/yyyy'),'1234567891234a67',10);
INSERT INTO		consiste(loc_fil,data_app,codice_prod, quantita)		VALUES('Caserta',				to_date('17/11/2019','dd/mm/yyyy'),'1234567891234b67',10);
INSERT INTO		consiste(loc_fil,data_app,codice_prod, quantita)		VALUES('Caserta',				to_date('17/11/2019','dd/mm/yyyy'),'ajhe567891234o67',10);
INSERT INTO		consiste(loc_fil,data_app,codice_prod, quantita)		VALUES('Salerno',				to_date('07/11/2019','dd/mm/yyyy'),'ajhe567891234n67',10);
INSERT INTO		consiste(loc_fil,data_app,codice_prod, quantita)		VALUES('Salerno',				to_date('07/11/2019','dd/mm/yyyy'),'ajhe567891234m67',10);
INSERT INTO		consiste(loc_fil,data_app,codice_prod, quantita)		VALUES('Salerno',				to_date('07/11/2019','dd/mm/yyyy'),'ajhe567891234l67',10);
INSERT INTO		consiste(loc_fil,data_app,codice_prod, quantita)		VALUES('Salerno',				to_date('07/11/2019','dd/mm/yyyy'),'ajhe567891234i67',10);
INSERT INTO		consiste(loc_fil,data_app,codice_prod, quantita)		VALUES('Salerno',				to_date('07/11/2019','dd/mm/yyyy'),'ajhe567891234h67',10);
INSERT INTO		consiste(loc_fil,data_app,codice_prod, quantita)		VALUES('Salerno',				to_date('07/11/2019','dd/mm/yyyy'),'ajhe567891234g67',10);
INSERT INTO		consiste(loc_fil,data_app,codice_prod, quantita)		VALUES('Salerno',				to_date('07/11/2019','dd/mm/yyyy'),'ajhe567891234f67',10);
INSERT INTO		consiste(loc_fil,data_app,codice_prod, quantita)		VALUES('Salerno',				to_date('07/11/2019','dd/mm/yyyy'),'ajhe567891234e67',10);
INSERT INTO		consiste(loc_fil,data_app,codice_prod, quantita)		VALUES('Salerno',				to_date('07/11/2019','dd/mm/yyyy'),'ajhe567891234d67',10);
INSERT INTO		consiste(loc_fil,data_app,codice_prod, quantita)		VALUES('Salerno',				to_date('07/11/2019','dd/mm/yyyy'),'123ak67891234c67',10);
INSERT INTO		consiste(loc_fil,data_app,codice_prod, quantita)		VALUES('Salerno',				to_date('07/11/2019','dd/mm/yyyy'),'223akrs442f34a67',10);
INSERT INTO		consiste(loc_fil,data_app,codice_prod, quantita)		VALUES('Salerno',				to_date('07/11/2019','dd/mm/yyyy'),'223akrs442f34b67',10);
INSERT INTO		consiste(loc_fil,data_app,codice_prod, quantita)		VALUES('Giugliano',				to_date('17/11/2019','dd/mm/yyyy'),'223akrs442f34c67',10);
INSERT INTO		consiste(loc_fil,data_app,codice_prod, quantita)		VALUES('Giugliano',				to_date('17/11/2019','dd/mm/yyyy'),'223akrs442f34e67',10);
INSERT INTO		consiste(loc_fil,data_app,codice_prod, quantita)		VALUES('Giugliano',				to_date('17/11/2019','dd/mm/yyyy'),'223akrs442f34r67',10);
INSERT INTO		consiste(loc_fil,data_app,codice_prod, quantita)		VALUES('Giugliano',				to_date('17/11/2019','dd/mm/yyyy'),'223akrs442f34q67',10);
INSERT INTO		consiste(loc_fil,data_app,codice_prod, quantita)		VALUES('Giugliano',				to_date('17/11/2019','dd/mm/yyyy'),'223akrs442f34p67',10);
INSERT INTO		consiste(loc_fil,data_app,codice_prod, quantita)		VALUES('Giugliano',				to_date('17/11/2019','dd/mm/yyyy'),'223akrs442o34567',10);
INSERT INTO		consiste(loc_fil,data_app,codice_prod, quantita)		VALUES('Giugliano',				to_date('17/11/2019','dd/mm/yyyy'),'223akrs442n34567',10);
INSERT INTO		consiste(loc_fil,data_app,codice_prod, quantita)		VALUES('Giugliano',				to_date('17/11/2019','dd/mm/yyyy'),'223akrs442m34567',10);
INSERT INTO		consiste(loc_fil,data_app,codice_prod, quantita)		VALUES('Giugliano',				to_date('17/11/2019','dd/mm/yyyy'),'223akrs442fl4567',10);
INSERT INTO		consiste(loc_fil,data_app,codice_prod, quantita)		VALUES('Giugliano',				to_date('17/11/2019','dd/mm/yyyy'),'223akrs442f3i567',10);
INSERT INTO		consiste(loc_fil,data_app,codice_prod, quantita)		VALUES('Giugliano',				to_date('15/11/2019','dd/mm/yyyy'),'otjk1lfwqxpqvgta',10);
INSERT INTO		consiste(loc_fil,data_app,codice_prod, quantita)		VALUES('Giugliano',				to_date('15/11/2019','dd/mm/yyyy'),'9lps4u0xljlvdkyw',10);
INSERT INTO		consiste(loc_fil,data_app,codice_prod, quantita)		VALUES('Giugliano',				to_date('15/11/2019','dd/mm/yyyy'),'jxgix5jcnefzfkdj',10);
INSERT INTO		consiste(loc_fil,data_app,codice_prod, quantita)		VALUES('Giugliano',				to_date('15/11/2019','dd/mm/yyyy'),'jyi9lk32nqpecpft',10);
INSERT INTO		consiste(loc_fil,data_app,codice_prod, quantita)		VALUES('Giugliano',				to_date('15/11/2019','dd/mm/yyyy'),'p5hk8ad77hnicvji',10);
INSERT INTO		consiste(loc_fil,data_app,codice_prod, quantita)		VALUES('Giugliano',				to_date('15/11/2019','dd/mm/yyyy'),'5dgfsp5mcgy9cws7',10);
INSERT INTO		consiste(loc_fil,data_app,codice_prod, quantita)		VALUES('Giugliano',				to_date('15/11/2019','dd/mm/yyyy'),'zbkrd4bz7363ygko',10);
INSERT INTO		consiste(loc_fil,data_app,codice_prod, quantita)		VALUES('Giugliano',				to_date('15/11/2019','dd/mm/yyyy'),'esp1f2sbhksn8pzi',10);
INSERT INTO		consiste(loc_fil,data_app,codice_prod, quantita)		VALUES('Torre del Greco',		to_date('17/12/2019','dd/mm/yyyy'),'8islcvugodun9i4t',10);
INSERT INTO		consiste(loc_fil,data_app,codice_prod, quantita)		VALUES('Torre del Greco',		to_date('17/12/2019','dd/mm/yyyy'),'p5r17h5l9tzg817o',10);
INSERT INTO		consiste(loc_fil,data_app,codice_prod, quantita)		VALUES('Torre del Greco',		to_date('17/12/2019','dd/mm/yyyy'),'yx9doj9ywsfthvz0',10);
INSERT INTO		consiste(loc_fil,data_app,codice_prod, quantita)		VALUES('Torre del Greco',		to_date('17/12/2019','dd/mm/yyyy'),'zew1mf6ew1vxauvx',10);
INSERT INTO		consiste(loc_fil,data_app,codice_prod, quantita)		VALUES('Torre del Greco',		to_date('17/12/2019','dd/mm/yyyy'),'7p4ym89d85rhg2iz',10);
INSERT INTO		consiste(loc_fil,data_app,codice_prod, quantita)		VALUES('Torre del Greco',		to_date('17/12/2019','dd/mm/yyyy'),'mwaixp3v7ep66hya',10);
INSERT INTO		consiste(loc_fil,data_app,codice_prod, quantita)		VALUES('Torre del Greco',		to_date('17/12/2019','dd/mm/yyyy'),'ltai6o099rbjz1c2',10);
INSERT INTO		consiste(loc_fil,data_app,codice_prod, quantita)		VALUES('Torre del Greco',		to_date('17/12/2019','dd/mm/yyyy'),'gz2w8fi4wjhx3nar',10);
INSERT INTO		consiste(loc_fil,data_app,codice_prod, quantita)		VALUES('Torre del Greco',		to_date('17/12/2019','dd/mm/yyyy'),'6il6gl938okpjxeo',10);
INSERT INTO		consiste(loc_fil,data_app,codice_prod, quantita)		VALUES('Torre del Greco',		to_date('17/12/2019','dd/mm/yyyy'),'renvwiush87dpw26',10);
INSERT INTO		consiste(loc_fil,data_app,codice_prod, quantita)		VALUES('Torre del Greco',		to_date('17/12/2019','dd/mm/yyyy'),'r48ymft9ua96aagk',10);
INSERT INTO		consiste(loc_fil,data_app,codice_prod, quantita)		VALUES('Torre del Greco',		to_date('17/12/2019','dd/mm/yyyy'),'8y2d33sjsmd4jrqw',10);
INSERT INTO		consiste(loc_fil,data_app,codice_prod, quantita)		VALUES('Torre del Greco',		to_date('17/12/2019','dd/mm/yyyy'),'uu3g5qehpdzmlcxl',10);
INSERT INTO		consiste(loc_fil,data_app,codice_prod, quantita)		VALUES('Torre del Greco',		to_date('17/12/2019','dd/mm/yyyy'),'jnr9tsa9z427zmr5',10);
INSERT INTO		consiste(loc_fil,data_app,codice_prod, quantita)		VALUES('Pozzuoli',				to_date('15/12/2019','dd/mm/yyyy'),'u5yp9wn0j8wxp4tb',10);
INSERT INTO		consiste(loc_fil,data_app,codice_prod, quantita)		VALUES('Pozzuoli',				to_date('15/12/2019','dd/mm/yyyy'),'30yxnt7fdj05vwj4',10);
INSERT INTO		consiste(loc_fil,data_app,codice_prod, quantita)		VALUES('Pozzuoli',				to_date('15/12/2019','dd/mm/yyyy'),'43v36xlt376c6hch',10);
INSERT INTO		consiste(loc_fil,data_app,codice_prod, quantita)		VALUES('Pozzuoli',				to_date('15/12/2019','dd/mm/yyyy'),'zsy2pe7djhexq9dj',10);
INSERT INTO		consiste(loc_fil,data_app,codice_prod, quantita)		VALUES('Pozzuoli',				to_date('15/12/2019','dd/mm/yyyy'),'cao5d2gc0ilbr2tb',10);
INSERT INTO		consiste(loc_fil,data_app,codice_prod, quantita)		VALUES('Pozzuoli',				to_date('15/12/2019','dd/mm/yyyy'),'16kfqximd48j3mam',10);
INSERT INTO		consiste(loc_fil,data_app,codice_prod, quantita)		VALUES('Pozzuoli',				to_date('15/12/2019','dd/mm/yyyy'),'rd31wh7nbz7q59nf',10);
INSERT INTO		consiste(loc_fil,data_app,codice_prod, quantita)		VALUES('Pozzuoli',				to_date('15/12/2019','dd/mm/yyyy'),'1mdmse0z3g20qzom',10);
INSERT INTO		consiste(loc_fil,data_app,codice_prod, quantita)		VALUES('Pozzuoli',				to_date('15/12/2019','dd/mm/yyyy'),'utec8l2ez39z6t1z',10);
INSERT INTO		consiste(loc_fil,data_app,codice_prod, quantita)		VALUES('Pozzuoli',				to_date('15/12/2019','dd/mm/yyyy'),'huwznmbcwsp76jk0',10);
INSERT INTO		consiste(loc_fil,data_app,codice_prod, quantita)		VALUES('Casoria',				to_date('21/12/2019','dd/mm/yyyy'),'h0fike4ua40o03te',10);
INSERT INTO		consiste(loc_fil,data_app,codice_prod, quantita)		VALUES('Casoria',				to_date('21/12/2019','dd/mm/yyyy'),'rozywndt91wakcfn',10);
INSERT INTO		consiste(loc_fil,data_app,codice_prod, quantita)		VALUES('Casoria',				to_date('21/12/2019','dd/mm/yyyy'),'98sbhuws45tv8t49',10);
INSERT INTO		consiste(loc_fil,data_app,codice_prod, quantita)		VALUES('Casoria',				to_date('21/12/2019','dd/mm/yyyy'),'dmrbgosmzmaa5hqx',10);
INSERT INTO		consiste(loc_fil,data_app,codice_prod, quantita)		VALUES('Casoria',				to_date('21/12/2019','dd/mm/yyyy'),'isj9q8iw0ng6dyn7',10);
INSERT INTO		consiste(loc_fil,data_app,codice_prod, quantita)		VALUES('Casoria',				to_date('21/12/2019','dd/mm/yyyy'),'zahv5wnrpa0p874k',10);
INSERT INTO		consiste(loc_fil,data_app,codice_prod, quantita)		VALUES('Casoria',				to_date('21/12/2019','dd/mm/yyyy'),'tx1z4xrzstepau5d',10);
INSERT INTO		consiste(loc_fil,data_app,codice_prod, quantita)		VALUES('Casoria',				to_date('21/12/2019','dd/mm/yyyy'),'54ezsh7dig88f6hj',10);
INSERT INTO		consiste(loc_fil,data_app,codice_prod, quantita)		VALUES('Casoria',				to_date('21/12/2019','dd/mm/yyyy'),'6lir0ccsb1vyrp8d',10);
INSERT INTO		consiste(loc_fil,data_app,codice_prod, quantita)		VALUES('Casoria',				to_date('21/12/2019','dd/mm/yyyy'),'2uiyta5avh49xz28',10);
INSERT INTO		consiste(loc_fil,data_app,codice_prod, quantita)		VALUES('Napoli',				to_date('17/12/2019','dd/mm/yyyy'),'3zjr9dtguwikmvg6',10);
INSERT INTO		consiste(loc_fil,data_app,codice_prod, quantita)		VALUES('Napoli',				to_date('17/12/2019','dd/mm/yyyy'),'vegvju0wvlorck9p',10);
INSERT INTO		consiste(loc_fil,data_app,codice_prod, quantita)		VALUES('Napoli',				to_date('17/12/2019','dd/mm/yyyy'),'5caw55qz03jdlh19',10);
INSERT INTO		consiste(loc_fil,data_app,codice_prod, quantita)		VALUES('Napoli',				to_date('17/12/2019','dd/mm/yyyy'),'123456789123456q',10);
INSERT INTO		consiste(loc_fil,data_app,codice_prod, quantita)		VALUES('Napoli',				to_date('17/12/2019','dd/mm/yyyy'),'123456789123456r',10);
INSERT INTO		consiste(loc_fil,data_app,codice_prod, quantita)		VALUES('Napoli',				to_date('17/12/2019','dd/mm/yyyy'),'123456789123456s',10);
INSERT INTO		consiste(loc_fil,data_app,codice_prod, quantita)		VALUES('Napoli',				to_date('17/12/2019','dd/mm/yyyy'),'123456789123456t',10);
INSERT INTO		consiste(loc_fil,data_app,codice_prod, quantita)		VALUES('Napoli',				to_date('17/12/2019','dd/mm/yyyy'),'123456789123456u',10);
INSERT INTO		consiste(loc_fil,data_app,codice_prod, quantita)		VALUES('Napoli',				to_date('17/12/2019','dd/mm/yyyy'),'123456789123456v',10);
INSERT INTO		consiste(loc_fil,data_app,codice_prod, quantita)		VALUES('Napoli',				to_date('17/12/2019','dd/mm/yyyy'),'123456789123456z',10);
INSERT INTO		consiste(loc_fil,data_app,codice_prod, quantita)		VALUES('Acerra',				to_date('17/12/2019','dd/mm/yyyy'),'1234567891234a67',10);
INSERT INTO		consiste(loc_fil,data_app,codice_prod, quantita)		VALUES('Acerra',				to_date('17/12/2019','dd/mm/yyyy'),'1234567891234b67',10);
INSERT INTO		consiste(loc_fil,data_app,codice_prod, quantita)		VALUES('Acerra',				to_date('17/12/2019','dd/mm/yyyy'),'ajhe567891234o67',10);
INSERT INTO		consiste(loc_fil,data_app,codice_prod, quantita)		VALUES('Acerra',				to_date('17/12/2019','dd/mm/yyyy'),'ajhe567891234n67',10);
INSERT INTO		consiste(loc_fil,data_app,codice_prod, quantita)		VALUES('Acerra',				to_date('17/12/2019','dd/mm/yyyy'),'ajhe567891234m67',10);
INSERT INTO		consiste(loc_fil,data_app,codice_prod, quantita)		VALUES('Acerra',				to_date('17/12/2019','dd/mm/yyyy'),'ajhe567891234l67',10);
INSERT INTO		consiste(loc_fil,data_app,codice_prod, quantita)		VALUES('Acerra',				to_date('17/12/2019','dd/mm/yyyy'),'ajhe567891234i67',10);
INSERT INTO		consiste(loc_fil,data_app,codice_prod, quantita)		VALUES('Acerra',				to_date('17/12/2019','dd/mm/yyyy'),'ajhe567891234h67',10);
INSERT INTO		consiste(loc_fil,data_app,codice_prod, quantita)		VALUES('Acerra',				to_date('17/12/2019','dd/mm/yyyy'),'ajhe567891234g67',10);
INSERT INTO		consiste(loc_fil,data_app,codice_prod, quantita)		VALUES('Acerra',				to_date('17/12/2019','dd/mm/yyyy'),'ajhe567891234f67',10);
INSERT INTO		consiste(loc_fil,data_app,codice_prod, quantita)		VALUES('Caserta',				to_date('16/12/2019','dd/mm/yyyy'),'ajhe567891234e67',10);
INSERT INTO		consiste(loc_fil,data_app,codice_prod, quantita)		VALUES('Caserta',				to_date('16/12/2019','dd/mm/yyyy'),'ajhe567891234d67',10);
INSERT INTO		consiste(loc_fil,data_app,codice_prod, quantita)		VALUES('Caserta',				to_date('16/12/2019','dd/mm/yyyy'),'123ak67891234c67',10);
INSERT INTO		consiste(loc_fil,data_app,codice_prod, quantita)		VALUES('Caserta',				to_date('16/12/2019','dd/mm/yyyy'),'223akrs442f34a67',10);
INSERT INTO		consiste(loc_fil,data_app,codice_prod, quantita)		VALUES('Caserta',				to_date('16/12/2019','dd/mm/yyyy'),'223akrs442f34b67',10);
INSERT INTO		consiste(loc_fil,data_app,codice_prod, quantita)		VALUES('Caserta',				to_date('16/12/2019','dd/mm/yyyy'),'223akrs442f34c67',10);
INSERT INTO		consiste(loc_fil,data_app,codice_prod, quantita)		VALUES('Caserta',				to_date('16/12/2019','dd/mm/yyyy'),'223akrs442f34e67',10);
INSERT INTO		consiste(loc_fil,data_app,codice_prod, quantita)		VALUES('Caserta',				to_date('16/12/2019','dd/mm/yyyy'),'223akrs442f34r67',10);
INSERT INTO		consiste(loc_fil,data_app,codice_prod, quantita)		VALUES('Caserta',				to_date('16/12/2019','dd/mm/yyyy'),'223akrs442f34q67',10);
INSERT INTO		consiste(loc_fil,data_app,codice_prod, quantita)		VALUES('Caserta',				to_date('16/12/2019','dd/mm/yyyy'),'223akrs442f34p67',10);
INSERT INTO		consiste(loc_fil,data_app,codice_prod, quantita)		VALUES('Benevento',				to_date('17/12/2019','dd/mm/yyyy'),'223akrs442o34567',10);
INSERT INTO		consiste(loc_fil,data_app,codice_prod, quantita)		VALUES('Benevento',				to_date('17/12/2019','dd/mm/yyyy'),'223akrs442n34567',10);
INSERT INTO		consiste(loc_fil,data_app,codice_prod, quantita)		VALUES('Benevento',				to_date('17/12/2019','dd/mm/yyyy'),'223akrs442m34567',10);
INSERT INTO		consiste(loc_fil,data_app,codice_prod, quantita)		VALUES('Benevento',				to_date('17/12/2019','dd/mm/yyyy'),'223akrs442fl4567',10);
INSERT INTO		consiste(loc_fil,data_app,codice_prod, quantita)		VALUES('Benevento',				to_date('17/12/2019','dd/mm/yyyy'),'223akrs442f3i567',10);
INSERT INTO		consiste(loc_fil,data_app,codice_prod, quantita)		VALUES('Benevento',				to_date('17/12/2019','dd/mm/yyyy'),'otjk1lfwqxpqvgta',10);
INSERT INTO		consiste(loc_fil,data_app,codice_prod, quantita)		VALUES('Benevento',				to_date('17/12/2019','dd/mm/yyyy'),'9lps4u0xljlvdkyw',10);
INSERT INTO		consiste(loc_fil,data_app,codice_prod, quantita)		VALUES('Benevento',				to_date('17/12/2019','dd/mm/yyyy'),'jxgix5jcnefzfkdj',10);
INSERT INTO		consiste(loc_fil,data_app,codice_prod, quantita)		VALUES('Benevento',				to_date('17/12/2019','dd/mm/yyyy'),'jyi9lk32nqpecpft',10);
INSERT INTO		consiste(loc_fil,data_app,codice_prod, quantita)		VALUES('Benevento',				to_date('17/12/2019','dd/mm/yyyy'),'p5hk8ad77hnicvji',10);
INSERT INTO		consiste(loc_fil,data_app,codice_prod, quantita)		VALUES('Aversa',				to_date('17/12/2019','dd/mm/yyyy'),'5dgfsp5mcgy9cws7',10);
INSERT INTO		consiste(loc_fil,data_app,codice_prod, quantita)		VALUES('Aversa',				to_date('17/12/2019','dd/mm/yyyy'),'zbkrd4bz7363ygko',10);
INSERT INTO		consiste(loc_fil,data_app,codice_prod, quantita)		VALUES('Aversa',				to_date('17/12/2019','dd/mm/yyyy'),'esp1f2sbhksn8pzi',10);
INSERT INTO		consiste(loc_fil,data_app,codice_prod, quantita)		VALUES('Aversa',				to_date('17/12/2019','dd/mm/yyyy'),'8islcvugodun9i4t',10);
INSERT INTO		consiste(loc_fil,data_app,codice_prod, quantita)		VALUES('Aversa',				to_date('17/12/2019','dd/mm/yyyy'),'p5r17h5l9tzg817o',10);
INSERT INTO		consiste(loc_fil,data_app,codice_prod, quantita)		VALUES('Aversa',				to_date('17/12/2019','dd/mm/yyyy'),'yx9doj9ywsfthvz0',10);
INSERT INTO		consiste(loc_fil,data_app,codice_prod, quantita)		VALUES('Aversa',				to_date('17/12/2019','dd/mm/yyyy'),'zew1mf6ew1vxauvx',10);
INSERT INTO		consiste(loc_fil,data_app,codice_prod, quantita)		VALUES('Aversa',				to_date('17/12/2019','dd/mm/yyyy'),'7p4ym89d85rhg2iz',10);
INSERT INTO		consiste(loc_fil,data_app,codice_prod, quantita)		VALUES('Aversa',				to_date('17/12/2019','dd/mm/yyyy'),'mwaixp3v7ep66hya',10);
INSERT INTO		consiste(loc_fil,data_app,codice_prod, quantita)		VALUES('Aversa',				to_date('17/12/2019','dd/mm/yyyy'),'ltai6o099rbjz1c2',10);